step,time_ps,rmsd_nm,radius_of_gyration_nm,potential_energy_kjmol,kinetic_energy_kjmol,interface_distance_nm,rmsd_receptor_nm,rmsd_binder_internal_nm,rmsd_binder_on_receptor_nm
50,0.1,0.039600761501589206,2.51035176932598,-33952.866455078125,19513.763767052325,3.1637074743478966,0.03793327934823341,0.041121169773177924,0.0412178916588637
100,0.2,0.054410475982365494,2.514227963070982,-33857.15087890625,19810.46194570791,3.1653573831661133,0.05307732192618927,0.05553880189543513,0.05611031696453619
150,0.3,0.06702669733635802,2.519124164952682,-33834.84896850586,20030.701351163327,3.168488177584905,0.06805747538378294,0.06566491116840222,0.06711627452314917
200,0.4,0.07737677262678702,2.5239699525936445,-33299.16882324219,19857.822130903834,3.1714011940383195,0.08047213716106673,0.07353727905664308,0.07623035710783822
250,0.5,0.08584253456792881,2.528499252927963,-33529.845458984375,20153.73964200262,3.175061769143898,0.08980058952184113,0.08060982665098705,0.08435750610658405
300,0.6,0.09395752861767442,2.532664028252074,-33401.670471191406,20177.16247595928,3.179131349486213,0.09829692263907903,0.08770082767469554,0.09277794685703175
350,0.7,0.10149641387495192,2.5362957350440105,-33161.93209838867,19971.061904377304,3.183759283381244,0.10615525605521997,0.093953637657699,0.10119314462286617
400,0.8,0.1067885888520978,2.539331331181907,-33121.5270690918,20163.54235805862,3.187136918507594,0.11179524340237866,0.09801998517176548,0.10739035698173215
450,0.9,0.1118521677208043,2.5417426975092385,-33170.37921142578,20152.824432209658,3.1904646801242493,0.11716273520768186,0.10209733875172562,0.11316943695372486
500,1.0,0.11658168537494544,2.5442493615070645,-33128.535247802734,20436.885858253663,3.1957130536473572,0.12206255791912128,0.10574292861799668,0.11908725313425493
550,1.1,0.12084469376627185,2.546846418318742,-32554.274810791016,20020.208054086892,3.20094192910166,0.127368123164602,0.10788535900793061,0.1240613863270748
600,1.2,0.12359125142970363,2.548677724329884,-33137.14224243164,20639.976679523475,3.2038825857301925,0.13143132153575432,0.10852150878844558,0.1269247666058919
650,1.3,0.12620580039090315,2.549959634807819,-33119.584411621094,20470.50553780049,3.206903811232876,0.13432257120116095,0.10997754262292489,0.1308526139844764
700,1.4,0.12936198294150988,2.5514918721560127,-33092.347595214844,20671.81789916288,3.2100922395077105,0.13815773086619812,0.11122234147399124,0.1356349246329017
750,1.5,0.13156952210706468,2.553025976047307,-32992.61169433594,20669.060067934915,3.2152711078063265,0.14128917536511204,0.11066209580450784,0.14004906457957636
800,1.6,0.13371071141194052,2.5547429727618245,-32612.8291015625,20692.13404247584,3.2188701633717702,0.14482520399568943,0.10996110206695651,0.14344006732618583
850,1.7,0.13643950508532146,2.5561359955230936,-32770.56134033203,20807.419750685338,3.22230700635891,0.14796971321360813,0.11111478478152524,0.14788151910859546
900,1.8,0.13913698329435134,2.557628278449818,-32833.80337524414,20577.451528792502,3.226188161628341,0.151294555607537,0.11183182787210494,0.1518263395522353
950,1.9,0.14122023538076317,2.559132939130599,-32554.96063232422,20434.68732463359,3.23008190827143,0.15434305308269522,0.11140075257961024,0.15413359607561125
1000,2.0,0.14322900401614852,2.561243285966948,-32454.90997314453,20628.709948922275,3.2354259761598976,0.15674335427081135,0.11106129157829296,0.15846787270467955
1050,2.1,0.14530311673813795,2.56303464374081,-32511.29458618164,20761.773530850653,3.2404447927813944,0.15849680176782455,0.11214448374324783,0.16133530874325624
1100,2.2,0.14793749967339753,2.5646788237897273,-32597.559844970703,20818.246532826917,3.244973779794083,0.16105213683592792,0.11367191907441011,0.16440741324256425
1150,2.3,0.14897644606132987,2.5662090491704235,-32620.921936035156,21002.24653474032,3.2485168503008772,0.16241403782717725,0.11311079745138823,0.16502324408138644
1200,2.4,0.14977647670050734,2.5671005047574442,-32607.57159423828,20991.771407712717,3.2513179530418417,0.1641183343992527,0.11135737683366535,0.16509812123463694
1250,2.5,0.15019215634501407,2.5674882934872514,-32274.878936767578,21031.931768699083,3.252863212483407,0.1650805311782435,0.1101520628905852,0.16596850892968748
1300,2.6,0.15054580293547964,2.5674756757876063,-32511.823120117188,21244.307878082152,3.254621859932198,0.16497008217690287,0.11064523480312849,0.16611849683608956
1350,2.7,0.15060927862821355,2.567300840758865,-32266.10726928711,20699.815483472776,3.2550487145437965,0.1641782615204006,0.11180159870339751,0.16636168175910485
1400,2.8,0.14991420795116364,2.5670416727408853,-32555.353393554688,20795.380518680322,3.25530577151878,0.16320197486538313,0.11121215359370717,0.16547897160177336
1450,2.9,0.14938768342757117,2.567393179420713,-32728.32144165039,20971.290132973016,3.255688774977036,0.16258629366119512,0.1107213108799808,0.16373532120737827
1500,3.0,0.14900662443416937,2.567629110093237,-32553.643157958984,20812.028898946708,3.256695332617759,0.16187406883953184,0.11057808895868225,0.1630617196892204
1550,3.1,0.14944826082551788,2.567668481574005,-32439.55731201172,20689.79921518569,3.2567887198249346,0.16199328021963785,0.11206701617801518,0.1630725856119639
1600,3.2,0.1495472262582085,2.5674030422364127,-32667.172943115234,20832.64947516611,3.256022816070167,0.16133510830797926,0.11421886449380238,0.16208187879942854
1650,3.3,0.14956161755280184,2.5673363747687397,-32244.263549804688,20642.18163337186,3.25577649469811,0.16123638616646163,0.1148946971309835,0.16109365565361972
1700,3.4,0.14920549167969935,2.5673760319741152,-32317.626037597656,20940.94569227798,3.2559810036328556,0.16034138355752284,0.11528308377732156,0.16084765174227633
1750,3.5,0.14934399372241336,2.5678153586945185,-32130.766723632812,20797.827768344898,3.2573267920298026,0.16044802421176077,0.11526672857495232,0.16089457123618858
1800,3.6,0.14974385398648468,2.568139270873845,-32153.721740722656,20724.378272840055,3.259483229179109,0.1607237603203167,0.1153202139280299,0.1611339000245148
1850,3.7,0.14969055068915382,2.568216655010932,-32276.146881103516,21111.834498908604,3.260963312027871,0.16079460804611143,0.1149082632566298,0.16053635974229571
1900,3.8,0.1495125891873161,2.568261215437102,-32267.555114746094,20998.559408039786,3.2624883790536634,0.16141325329745562,0.11325127029829946,0.15990669021378615
1950,3.9,0.15031816709806112,2.5684618445999114,-32044.663482666016,20730.183694093488,3.263887410641418,0.16311911117568562,0.11266597845229284,0.16019829917404932
2000,4.0,0.15100502653982636,2.5689667927818736,-32661.070922851562,20965.932030868018,3.2650917956408594,0.1637597424112118,0.11322777501930259,0.1615013368022611
2050,4.1,0.15178385629636923,2.5697933147248584,-32800.456451416016,21366.290004435927,3.2664224742734205,0.16414256112422734,0.11411832598125793,0.16323301430055645
2100,4.2,0.15341799060966366,2.5704078412862166,-32854.32012939453,20983.228508222615,3.267192653786687,0.16589774277112623,0.11578501866807113,0.16434435053404103
2150,4.3,0.15524253991085446,2.5708392646648806,-32691.994873046875,20727.599556492176,3.266423464249543,0.16811259388468705,0.11787332610625463,0.1650744856255728
2200,4.4,0.15694281575289865,2.5712271842459624,-32622.705810546875,20888.71663067839,3.266743146273334,0.16985671431408345,0.11973017114868731,0.1667003657084572
2250,4.5,0.157880482146276,2.571900241150091,-32331.863677978516,20858.580169826513,3.2676602955019938,0.1704815410481472,0.12086288753619721,0.16806099661153107
2300,4.6,0.15894989506479043,2.5728596480065766,-32859.01806640625,21262.191086608917,3.268683304823546,0.1712100271514505,0.12204327556165083,0.16988035770065332
2350,4.7,0.15974270191174486,2.5734878782795425,-32257.46649169922,20869.04296494054,3.26873197919689,0.17219520050205786,0.12264275820373279,0.1706894277707253
2400,4.8,0.16023201930676753,2.5739461878655976,-32213.3466796875,20655.348765421193,3.268371546634967,0.17281983946518212,0.12296494244074445,0.17142360714567273
2450,4.9,0.15996402460876094,2.5742237098287175,-32423.059783935547,20984.642176982947,3.2680926610997214,0.17204808578379763,0.1231035992669815,0.17211358412439098
2500,5.0,0.1597222539180916,2.5738880302254996,-32524.032775878906,21265.678584625013,3.267316193602569,0.1725535995086036,0.12192822542099305,0.17178245700357725
2550,5.1,0.16044844649341083,2.5733198019947547,-32257.183959960938,21232.009183075745,3.26593647472994,0.17422407228386044,0.12176010231686654,0.17247573462558904
2600,5.2,0.16191173378346532,2.57268572779937,-32303.30923461914,20955.099952657474,3.263589002520899,0.17627883764114588,0.12338489260510377,0.1740244646239334
2650,5.3,0.1626312312859444,2.571397031513411,-32568.251434326172,20933.63467667997,3.2613646612107186,0.1771122916823271,0.12464893148569955,0.17554662239413169
2700,5.4,0.16268437715947381,2.5699513627700763,-32591.514923095703,20769.629666137043,3.2583469048208893,0.17733525186903534,0.12534810748274935,0.17603778360561118
2750,5.5,0.16156379793988257,2.568671266608694,-32675.094116210938,20960.496997845825,3.2555352160391378,0.1757112889351619,0.12540368839107055,0.1764063770036687
2800,5.6,0.16075591854596355,2.568088077256865,-32806.112365722656,21149.79571635672,3.2541227246473294,0.17486858603391361,0.12480557764395624,0.1767598583183525
2850,5.7,0.1597331907910158,2.5673007948652997,-32534.575134277344,20927.994654345326,3.253839833054286,0.17296972390687976,0.12499500103369171,0.1774980400342853
2900,5.8,0.15982015675480385,2.5664759550457306,-32433.55841064453,20796.36245036032,3.254119316637644,0.17189776032765364,0.12666306050107934,0.17903283434624923
2950,5.9,0.15998148161699,2.565695215078628,-32438.876525878906,20889.905810417607,3.2555763701290346,0.1712207773878458,0.12743429485900257,0.18071255563197505
3000,6.0,0.1607342583259268,2.565388736678148,-32332.16830444336,20667.00432142429,3.2575283620969904,0.17239080533960266,0.1270972317376344,0.18107359293506456
3050,6.1,0.16168228081227012,2.5646422120033403,-32448.255310058594,20792.956950411666,3.2581606236618166,0.17464215863388247,0.12639149146771234,0.18036446748234083
3100,6.2,0.16284049782228469,2.5640574049624254,-32776.252685546875,21102.947815505453,3.2588516580929117,0.17735853448210712,0.12559341042691358,0.17981261108997415
3150,6.3,0.16407197817660976,2.5638659342345207,-32550.248809814453,20788.9423687947,3.2599212974580882,0.17952736494815136,0.12535484331178223,0.18078716726677754
3200,6.4,0.1649427130146138,2.5638139354573144,-32633.64031982422,20715.024468869437,3.260801906847575,0.18071413810444636,0.12544140091964728,0.18222159818039566
3250,6.5,0.16562925355544814,2.5637666851223524,-32523.86737060547,20936.1103599621,3.260602954426722,0.18298986532099898,0.12408122591175125,0.1820357775759219
3300,6.6,0.16642166467975444,2.563575729872403,-32476.660430908203,20729.794627483003,3.2604140581532954,0.1846585838400347,0.12383670369551564,0.18171028839347667
3350,6.7,0.16668457385727944,2.563124511248329,-32672.58511352539,21173.59980868781,3.2609021749344964,0.18520844463413536,0.12336096135839009,0.18175381586389835
3400,6.8,0.16736391626812677,2.5629104384983106,-32560.580474853516,20963.328744949773,3.2617871029295316,0.18617628758651047,0.1230227743942122,0.18226575767521414
3450,6.9,0.1680492122681035,2.5626654591121643,-32542.901336669922,20969.17327373009,3.2632811562035133,0.18734985260635342,0.12255174944480271,0.18160506148043215
3500,7.0,0.16845367997847213,2.562557281019775,-32534.898895263672,20797.99384840671,3.2636958254919426,0.18731463162111747,0.12314874277830887,0.18305996826254795
3550,7.1,0.16999879886058436,2.5625861661746145,-32302.099731445312,20536.37212620699,3.263841767649502,0.18859130799266435,0.12516416760339513,0.18484054837095543
3600,7.2,0.1705812393860168,2.56239817481608,-32658.284088134766,20947.681006033905,3.264407978106759,0.18898478467326607,0.12580894795597278,0.18516140138874126
3650,7.3,0.17181088008279696,2.562452784424292,-32483.759826660156,20795.47502674209,3.2651742008396907,0.18975112211368522,0.127528102071557,0.18545709762290435
3700,7.4,0.17195881981401342,2.562619086578933,-32229.07568359375,20552.65567629668,3.265598711975253,0.18947314972546758,0.12818644164179113,0.18504404921380213
3750,7.5,0.17219639298026423,2.5624934614200137,-32575.749938964844,20818.978311649174,3.2653432538743914,0.18952947510229465,0.12890465505311546,0.1843900655721946
3800,7.6,0.17360068407138832,2.5622956322565313,-32809.477935791016,21057.945741672767,3.264520715543455,0.1907853260132637,0.13124854498387678,0.18351070473224684
3850,7.7,0.1744076499632456,2.5627183545274197,-32747.104217529297,20962.45605354756,3.2649735792329615,0.19155514238530225,0.13246350218966,0.1821606424703894
3900,7.8,0.17583715018449336,2.5631291747589233,-32741.769989013672,20887.340158491395,3.2660727835258347,0.19271457091744779,0.1341838754223054,0.18210715851782622
3950,7.9,0.1775474536597701,2.5626409317909933,-32746.869201660156,20680.57664572727,3.266535523348032,0.19375300632476972,0.13734575975939445,0.18257636961996798
4000,8.0,0.17947105176077527,2.5619844795627236,-32687.404876708984,20695.985784759047,3.265820937920567,0.19549227353125406,0.14038433247972137,0.18244777131684067
4050,8.1,0.18057377106976316,2.5611983183466713,-32698.596160888672,20724.824467930244,3.2642137547555548,0.19626335180055884,0.14280814615909093,0.18282554587397992
4100,8.2,0.18145018743261662,2.5608138812980723,-32919.80383300781,20972.21849684231,3.2651425070381954,0.19701003430416472,0.14382198551215872,0.18326129171276356
4150,8.3,0.18237169214871,2.560741678817458,-32917.97164916992,20879.77156489936,3.267201116675881,0.1971736054451183,0.14511291261099207,0.18517128015925138
4200,8.4,0.18283667825561423,2.5610044951194078,-32597.558166503906,20686.68803929392,3.269612895775282,0.19702264345902937,0.1454085676882593,0.18685489354693263
4250,8.5,0.18325267545329785,2.5614600696458965,-32549.986358642578,20644.599211048335,3.2702256051106096,0.19796188768850073,0.14477098534784283,0.18672143698251903
4300,8.6,0.18459248934001296,2.5622558241555056,-32674.442779541016,20923.097850709688,3.270560895674145,0.1997775754225874,0.14521899730625393,0.18775879128482556
4350,8.7,0.1856573883356973,2.563001597319927,-32619.561981201172,20759.131171308924,3.2703288681903593,0.20078168170610133,0.14616988371362988,0.1889760586122361
4400,8.8,0.18648296873041845,2.563655669715258,-32528.34243774414,20767.332380720647,3.2699850669507327,0.20221894350478586,0.14611898389249364,0.18905632965088529
4450,8.9,0.18789381971213753,2.5642996907183497,-32810.84680175781,21029.303062504157,3.2713059171050216,0.20454019265895065,0.14563849271521412,0.1899873109153407
4500,9.0,0.18948525905255145,2.5652518564767064,-32425.854766845703,20640.18021697132,3.273328078961097,0.20580905602360278,0.1466383852005387,0.19278788050553036
4550,9.1,0.19099030117052554,2.5664282263574645,-32768.73159790039,20868.817679203,3.276468128263726,0.20768929119640953,0.1465357920548517,0.1948453873352183
4600,9.2,0.19290522519700948,2.566898981931379,-32891.889404296875,20854.88352663908,3.2782151622243525,0.20985152646646874,0.14747434697646256,0.19697938299005993
4650,9.3,0.19394372700682347,2.5673135528510405,-32731.685577392578,20766.861675840337,3.2799950146392782,0.21128918601906924,0.14719060692931435,0.19803749936443313
4700,9.4,0.19510229814147062,2.5675299326485113,-32379.586212158203,20480.35296415002,3.2825424781827617,0.21318828821151012,0.14618528913656828,0.19939451728193863
4750,9.5,0.19563736363469852,2.568132019720079,-32348.483428955078,20665.992953789886,3.284274538018156,0.21452154270907323,0.14484657664360553,0.1999705389806422
4800,9.6,0.196972916640639,2.5693406816170503,-32727.584442138672,20824.79066911759,3.2863273661982078,0.21583775851557446,0.14546542491478778,0.20228507110461244
4850,9.7,0.1987049931906321,2.570557093223053,-32694.183013916016,20941.437602924183,3.2898970870614503,0.21668803565216485,0.14694773107411815,0.2065210545391554
4900,9.8,0.20006992050804018,2.571810883482284,-32379.09210205078,20666.72737363912,3.2925908063422322,0.21689143657673832,0.1485396752816473,0.2105677746692832
4950,9.9,0.20079686503685804,2.5726440745236436,-32477.394409179688,21014.681306447135,3.293828947395123,0.21856183198168308,0.14752174516589656,0.2111233051547443
5000,10.0,0.20132674204705714,2.5732901305219498,-32505.481201171875,20945.123337966157,3.2944953204657654,0.2198909253113438,0.1465288743701678,0.2119751072491218
5050,10.1,0.20117744145526675,2.5735623149986946,-32784.43115234375,21255.28893945599,3.2942919028196447,0.22029851485002447,0.14563236432390972,0.21263240862968433
5100,10.2,0.20140785690141713,2.573943861579965,-32459.743255615234,21062.04903435975,3.2938075499579047,0.22102404248751575,0.14519519936221154,0.21337289321472838
5150,10.3,0.20169832512276892,2.5738895596740887,-32604.855895996094,21057.737012685742,3.2931499254379113,0.220669429768012,0.1460710340871585,0.21634011236046796
5200,10.4,0.2013526640567797,2.5735618430911926,-32790.80001831055,21235.19558262825,3.2926131130409013,0.22039760654631135,0.14534700619955765,0.21803434052702209
5250,10.5,0.2007286272159281,2.573326195863023,-32394.96597290039,20828.628470250405,3.293207322275072,0.21991296860318102,0.1435421020966166,0.2195458585912
5300,10.6,0.20107435933757895,2.573576441469906,-32278.087799072266,20764.89426576346,3.294741687309092,0.2206039584239122,0.1422935461209236,0.2215112429775613
5350,10.7,0.20110123141582995,2.5737110536585415,-32704.982391357422,21101.835316335782,3.2972624885822315,0.22029938593598156,0.14152263908586263,0.22267749822000585
5400,10.8,0.2012354548819889,2.5736014421519897,-32731.032989501953,20926.576680030907,3.2986074808165466,0.22093853543146305,0.14003819429800635,0.22305980553356
5450,10.9,0.20208696208134969,2.5732056134589834,-32559.829193115234,20728.2388770096,3.3001721577531993,0.22263149168340263,0.13888217143144613,0.22414457004809984
5500,11.0,0.2035272174438995,2.5733849095196812,-33040.36703491211,21020.071007607272,3.3013176198150203,0.22496139095399276,0.13868971245957168,0.22438095335812894
5550,11.1,0.20569221242854963,2.573205461833808,-32753.165069580078,20874.83496605046,3.3036472006293494,0.2277330612935645,0.1392656751844411,0.22613007198229965
5600,11.2,0.20695326991678373,2.5729674533677827,-32618.92950439453,20873.161945891567,3.3058809209542446,0.22930380687074153,0.13928420062587454,0.22704172345150875
5650,11.3,0.20825900648997306,2.5729267994575418,-32633.049255371094,20544.47693915316,3.307856663590823,0.23035197711242342,0.14030839895141292,0.22881858660631357
5700,11.4,0.20967313757581882,2.5725930622106192,-33030.10626220703,20878.387717157137,3.3097009833017283,0.23103559514491703,0.14227076596844093,0.23018850700457436
5750,11.5,0.21061009070070383,2.572535456345464,-32801.56457519531,20785.422488414915,3.311284787370287,0.23139865357474945,0.14352494175947939,0.23113887668369454
5800,11.6,0.21198343654236118,2.572632510866267,-32829.62561035156,20678.00754877273,3.3127609888244662,0.2329498082717779,0.1442659283050429,0.2315001611221997
5850,11.7,0.21270277970795715,2.572546624184453,-32953.99868774414,20832.798670690507,3.313662668300618,0.2338736796982395,0.14413685776527027,0.23149254824852655
5900,11.8,0.213421490161288,2.5725910259137192,-32687.058563232422,20463.946664542425,3.3143148784203786,0.23447226088683099,0.14491552414475928,0.23126412166969892
5950,11.9,0.2142783616947833,2.57261066353194,-32937.01498413086,20841.744017653167,3.3132357155402534,0.23576432955575888,0.1458797705185534,0.23054335090675787
6000,12.0,0.2144828926946943,2.5720493692636275,-32749.674285888672,20824.749083296396,3.3116710623020253,0.236331878721856,0.1459651486884403,0.2297129331207252
6050,12.1,0.21504324188214283,2.5713262627826117,-32756.61264038086,20985.38490826334,3.3100773145781957,0.23764267344688228,0.14603491164504928,0.22900869409689864
6100,12.2,0.21475138620154796,2.5707081235606015,-32665.703247070312,20897.246467112098,3.307645988564199,0.23782920638556077,0.14596021587884586,0.22691348212358387
6150,12.3,0.2144726152815548,2.5706511306223976,-32803.64450073242,21078.804979657987,3.306609141281808,0.23771229476495612,0.1456249705159804,0.22589577794754703
6200,12.4,0.21400897207564237,2.570458411243534,-32770.469146728516,20978.963463640073,3.3049684282313936,0.23700548839060054,0.14558416858483753,0.22537318619844665
6250,12.5,0.2134260789751953,2.57046051428325,-32736.422454833984,21063.541348303203,3.3033701221750142,0.23600521316449588,0.14599444915267978,0.22477055862196138
6300,12.6,0.21315127865779235,2.570468130508381,-32760.026306152344,21137.579111821018,3.3025307200361933,0.23599518556552154,0.14567773322365063,0.22421016754964845
6350,12.7,0.2128308314922116,2.570370971442433,-32644.285034179688,20975.97871951456,3.3019990123464726,0.2362629136202679,0.14494158286388475,0.22297698466445678
6400,12.8,0.21284509754615966,2.570373619281458,-32745.10137939453,20861.909097985364,3.302453950530109,0.23602914604228886,0.14512566869504964,0.22352989971220583
6450,12.9,0.21299816245060907,2.570618126345143,-32357.825225830078,20737.336373081664,3.301475700897998,0.23645299281415358,0.14600341180495624,0.2228606400478238
6500,13.0,0.2131774507104478,2.5711133230774164,-32361.79571533203,20756.580414511438,3.3008956165923378,0.2366988789858711,0.14707647474595284,0.22267519684586962
6550,13.1,0.21262582781362127,2.5711036043040627,-32339.314331054688,20886.711057122797,3.2983652173915323,0.23630003460569818,0.14776855765490293,0.22126306555882616
6600,13.2,0.21264529934936785,2.571075274575178,-32457.28012084961,20906.824642176973,3.2972207166985057,0.23614574504713126,0.14869386125680323,0.22102411700399963
6650,13.3,0.21232703326078387,2.571269250669925,-32511.310638427734,20829.868453227682,3.296568216752854,0.23586797725568287,0.1486246386214017,0.22072068781678128
6700,13.4,0.21246578030601543,2.5712541978899432,-32666.588806152344,20933.5717803007,3.2967270366649664,0.2358723074071784,0.14911527450561377,0.22173305056935463
6750,13.5,0.21241887451156732,2.571026553869778,-32620.78970336914,20884.954738728935,3.2954334902956406,0.23584144558776807,0.14953737944246437,0.22182264633030854
6800,13.6,0.21246347521644735,2.5707428456985526,-32840.238372802734,20937.17380916339,3.2950634064611144,0.23598251058451605,0.14953378843748896,0.22173097155607024
6850,13.7,0.21219500845667624,2.570085748863739,-32619.683044433594,20793.36703571584,3.2948081932177335,0.235933402517029,0.14850865750730807,0.22236875343714566
6900,13.8,0.21231319973721235,2.5697010419218613,-32700.47198486328,20632.073942379095,3.294239993282698,0.23553617328241253,0.1490584918639963,0.22425794364571716
6950,13.9,0.2121355595903814,2.569342515814622,-32618.225616455078,20503.64268660103,3.2929256831615668,0.23513673918378925,0.1497335510963651,0.22516626359413353
7000,14.0,0.2115415198842356,2.5689412212480542,-33054.25402832031,20911.793930877,3.2927345922157123,0.23440405276032095,0.14909791571908226,0.22612129994539573
7050,14.1,0.21046385348872093,2.5683172186314587,-32916.51806640625,20736.562799585983,3.2912719563016086,0.233295553757148,0.14801490294116718,0.22609266057001398
7100,14.2,0.21024422572270063,2.5678786006456837,-33145.57308959961,20899.94709556317,3.291514865912746,0.23307091928021695,0.14786705546729095,0.22639121776215937
7150,14.3,0.21035424627296184,2.5678447589079014,-32796.03387451172,20618.049109267653,3.291619090533806,0.2331528649230135,0.14838888998078145,0.22717973663007635
7200,14.4,0.21009062762659098,2.5675309557159607,-32718.63250732422,20620.99196458049,3.2916468143237396,0.23274530879411706,0.14839481764435683,0.22742493257922575
7250,14.5,0.20966363500166577,2.56703573379282,-32881.9241027832,20750.615147991804,3.2913448475848375,0.23174762741729385,0.1486813735408564,0.22848922519236148
7300,14.6,0.2090963495252087,2.566455409988881,-32919.41537475586,20899.836336593842,3.291179921050768,0.23137764731287733,0.14769892912500385,0.22923403780964108
7350,14.7,0.2085606054722095,2.56600602987555,-32828.16781616211,20922.046798050404,3.2894130106503523,0.23151580646694075,0.14690137824524493,0.22866040145904626
7400,14.8,0.20765958956635244,2.5653915337498736,-32988.51629638672,20687.74832841195,3.2875222679330434,0.2307159412195783,0.1463095475439006,0.229117247608112
7450,14.9,0.2076727029169968,2.564912897741077,-32723.435424804688,20690.768528969027,3.2857232293408556,0.23154153124314933,0.1460764586899019,0.2279578836527269
7500,15.0,0.20647022575540752,2.5642894002828887,-32880.575927734375,20868.944453249685,3.28383374617953,0.2304429416041238,0.14547589525482374,0.22703904205563835
7550,15.1,0.20545042676212263,2.5636670655361016,-32842.69268798828,20734.163520617876,3.2833982928489216,0.229633044486347,0.14429022787214674,0.22685771286999304
7600,15.2,0.20522365638386966,2.5633642143603783,-33054.392486572266,20670.669585489435,3.2829166388560553,0.2292744817325722,0.14477588810762493,0.22768593868355344
7650,15.3,0.20432129340396563,2.562854877904471,-33040.10238647461,20701.682211399544,3.282144517108888,0.22838035667564882,0.14410331384161956,0.2293768146596151
7700,15.4,0.20336842604305047,2.5625895042085083,-33133.228759765625,20722.097776221344,3.2819773164758383,0.22807549009584127,0.14171566010265688,0.23042263435277366
7750,15.5,0.20293758255926606,2.5623859469820967,-32847.55847167969,20337.15476652328,3.2823027689409776,0.22718444459838477,0.14155630873280484,0.23283367056910692
7800,15.6,0.20325219983279402,2.5624533851730806,-33122.83508300781,20680.632880074903,3.2828313189842797,0.22683241622309067,0.1420503388093174,0.23740649196464716
7850,15.7,0.20342375606846716,2.5626018176041945,-32820.443786621094,20443.202497110236,3.281318571732294,0.2264117431451408,0.14328659691974882,0.24021576704090897
7900,15.8,0.2036600490491085,2.5627393932674547,-32944.15655517578,20517.189323287923,3.279962471715533,0.22570396250990388,0.14518236900421483,0.24311846008283747
7950,15.9,0.20361460508312357,2.562878621575308,-32988.747467041016,20595.518408451695,3.2790177509257528,0.22559318356805605,0.14555773826107715,0.24509029810120364
8000,16.0,0.20383582028603045,2.5626991153882663,-32916.05807495117,20361.786602786044,3.278262082861805,0.22616006529615412,0.14519846601321096,0.2486169770234521
8050,16.1,0.20363410805290758,2.562362231199755,-32893.88589477539,20320.045350812143,3.276927147800459,0.22619504755999556,0.14475173476501493,0.25042562694302045
8100,16.2,0.2032640988308621,2.561644162795083,-33175.712005615234,20685.147453132086,3.2744987189232364,0.22604837350310777,0.1444886124202839,0.25264925799873494
8150,16.3,0.20234004841876982,2.5606038270399063,-32959.586364746094,20420.35567822121,3.2723798236101223,0.22475618760658994,0.14430968389636176,0.25536688384799616
8200,16.4,0.20185305409872387,2.559738912939048,-33198.39016723633,20678.692022231175,3.2719322606013854,0.2234081484948839,0.1448190800810547,0.25910124848486715
8250,16.5,0.2019920281995947,2.5589411641560567,-32890.57376098633,20404.5039041047,3.2705466555020024,0.22256075913989437,0.1462972308027697,0.26411622875250135
8300,16.6,0.20192250385984117,2.5585539316603847,-33049.715393066406,20562.462604346918,3.269761251079125,0.22174946308613833,0.1471631976947713,0.267760949457981
8350,16.7,0.2019911494588733,2.5580905159055063,-32772.075927734375,20257.195697931107,3.2696442790656266,0.22157090978548397,0.1474511879879966,0.2697315586573727
8400,16.8,0.2023628447543311,2.557991395039295,-33178.06658935547,20498.968800012255,3.2703371207444274,0.22203335454452114,0.14749205085178857,0.2716611759290795
8450,16.9,0.20381147112340126,2.558030850735674,-33075.0048828125,20566.758928466472,3.271766958871033,0.2240199716668045,0.14808186351034142,0.27398285339579614
8500,17.0,0.20510092943729932,2.5579021086078404,-33055.42468261719,20560.886598128593,3.2732453161431394,0.22662098820814472,0.14733424640519682,0.27473153196067834
8550,17.1,0.20646244646920722,2.55806885328299,-32786.39111328125,20220.79065656301,3.27371716476728,0.2296129147486176,0.14634717283894144,0.2753952720200915
8600,17.2,0.2071555727418824,2.5580651153202125,-33229.53601074219,20854.910851317487,3.273198455526403,0.23126491574741095,0.14602923052415212,0.27523175424483026
8650,17.3,0.20853876616466321,2.5582502227838972,-33082.8512878418,20683.395922937896,3.2713295612587188,0.2337038310084132,0.1468243780074944,0.2766250041977428
8700,17.4,0.20910160377986173,2.558072985288665,-33040.20977783203,20764.035317519214,3.2703668457435366,0.23602765348112933,0.14502898309985937,0.27686195896431753
8750,17.5,0.21015913974184683,2.5574979651210894,-32874.3166809082,20598.8638243475,3.2696128014692367,0.23837955962775048,0.1448980072513341,0.2759274983714785
8800,17.6,0.21019476931044126,2.556875139062347,-32353.699737548828,20081.790017828345,3.2681936525555253,0.2385655925721884,0.14544056544243145,0.27586899768648976
8850,17.7,0.2101586228439918,2.5560671106766706,-32892.46990966797,20748.13344471983,3.2678363461204176,0.23812541392697034,0.14588212200723066,0.27879664466963866
8900,17.8,0.21030811709132874,2.55552163072319,-32841.61282348633,20542.578119984362,3.26750075267489,0.2381348216411524,0.14646480630165334,0.27978704312365654
8950,17.9,0.21023823760623356,2.555269822075149,-32909.49002075195,20734.233085494256,3.268461258833976,0.23668279646490384,0.1482336145434611,0.2817402466297186
9000,18.0,0.2083871145486586,2.5545403567907745,-33108.29406738281,20960.20215963479,3.2688678949915735,0.23425625995657218,0.14685439067799805,0.28102698173618484
9050,18.1,0.20743507074092038,2.5537274408331494,-32801.19989013672,20903.658155392855,3.2691769629060277,0.23250083063788174,0.14681316279106546,0.28162737983199665
9100,18.2,0.20611637882016462,2.552805727490888,-32762.638549804688,20665.6258411929,3.2700023092690196,0.2307163687229423,0.14605046751981043,0.2802455678570226
9150,18.3,0.20429803125166696,2.5517606391336654,-32652.405975341797,20617.04632765008,3.270597483416523,0.22876585086019213,0.14417824027080625,0.2779242009004132
9200,18.4,0.20407169975623402,2.550472531283462,-32818.2409362793,20856.32065142505,3.2719505555870896,0.2291397741470079,0.14262534745701108,0.27791461131465456
9250,18.5,0.2043544754867332,2.549475895168577,-32688.449310302734,20701.846777446568,3.2726598095125885,0.2301771904426534,0.14165448206148196,0.27928095271681974
9300,18.6,0.20457261794447087,2.5493874895976845,-32923.81463623047,21047.168080750038,3.2736201834628362,0.23057655655793446,0.14139996040209568,0.27909397591866064
9350,18.7,0.2046125014680313,2.549449818688824,-32974.60919189453,20759.8865695782,3.274152555849184,0.2309579721582668,0.1408680950549232,0.2767551010349231
9400,18.8,0.20429828646499923,2.549447881423909,-32720.452209472656,20558.336262221914,3.2746142244163847,0.23081930644519735,0.14006622029469212,0.2750424530110037
9450,18.9,0.2039018032698552,2.5489547220362687,-32783.93927001953,20640.59677435411,3.2735950780514393,0.2302015118499192,0.14060802816216267,0.2721926375962441
9500,19.0,0.20297199338004376,2.548575311065634,-33113.50930786133,20999.575495547615,3.273490984270955,0.22887000949706482,0.14041770087575844,0.26945712337302086
9550,19.1,0.20325555851402805,2.5487051054860994,-32839.80529785156,20830.593578241765,3.2738876254343903,0.22889334517761395,0.14122955557175076,0.26726524422
9600,19.2,0.20430207070522627,2.548660830815244,-32582.01187133789,20677.956577608362,3.2740671286209415,0.22899706339844064,0.14368239543495076,0.2687698231572135
9650,19.3,0.20523350670147697,2.5489298525709643,-32621.066009521484,20670.144933981355,3.273982443694751,0.22929010509277276,0.1454139585124046,0.271045303073738
9700,19.4,0.20593486506716005,2.5492750510601065,-32699.496856689453,20775.56932238012,3.273693157080482,0.23046466909460903,0.14536975911887579,0.27207843342127214
9750,19.5,0.20640699977211222,2.549494834381023,-33161.3203125,20916.474555976223,3.2732747792790278,0.23177985603972753,0.14445927506639902,0.2724110116466871
9800,19.6,0.2078846031148011,2.549654230133573,-32480.011016845703,20382.887639084365,3.2734568764695844,0.23432784554305916,0.1438892675859728,0.2751208723034759
9850,19.7,0.20825430182261906,2.5497814720340863,-32807.322265625,20770.848724483512,3.2733791013344775,0.2345230352492773,0.14376335072855476,0.27908341402180753
9900,19.8,0.20874437754135028,2.5504729552131042,-32717.281311035156,20491.644060273262,3.274017381940937,0.23529287983951455,0.14318092557066148,0.28170222004424306
9950,19.9,0.21045178181621074,2.552073740509174,-33069.74203491211,20489.382154834107,3.2758304404913905,0.23692926575252163,0.14368833656987745,0.2874367937875362
10000,20.0,0.2114689884363341,2.553324490700654,-32872.90219116211,20240.929684061557,3.277003445023264,0.23813204772608937,0.14318016986341056,0.29238598234032814
10050,20.1,0.21125927816648712,2.554231454685427,-32792.51583862305,20298.53149661119,3.2775121567419294,0.23826235607376142,0.14141682091510901,0.2941732953477596
10100,20.2,0.2111255663578236,2.554646516007274,-32618.015594482422,20583.39038412471,3.277629103737152,0.23767672939645962,0.14125378337313504,0.29628565049393946
10150,20.3,0.21075579942421452,2.554604511189795,-32642.29803466797,20701.935593974893,3.276523774873005,0.2379022802841395,0.14022723952496527,0.2949387868892985
10200,20.4,0.21083739363691936,2.554256379298545,-33337.913818359375,21273.502391935093,3.2741233262449256,0.23861296667213377,0.13973220157119418,0.29532899176271815
10250,20.5,0.21125932536449912,2.5537815370173345,-32944.572174072266,20848.71129641449,3.271163984982951,0.23969204105712816,0.1397450045104286,0.2964498351919781
10300,20.6,0.21204637897262846,2.5533514652994396,-32788.58947753906,20956.592926664278,3.26922352940301,0.24121221107646468,0.13941163803533524,0.29730649071103626
10350,20.7,0.21253739500345628,2.553160863186582,-32755.55014038086,20945.524129643803,3.2691969423876484,0.2415197046290988,0.13941706479706564,0.2987892106618408
10400,20.8,0.21362621478756458,2.553025285267239,-32494.60678100586,20695.88862768188,3.2694317921382323,0.24322935857473973,0.1393844705549062,0.2984677432742287
10450,20.9,0.214490625779503,2.5533640703763916,-32266.979919433594,20659.01951977983,3.2701255476065505,0.24464019933978604,0.13925515419824505,0.2970284437406797
10500,21.0,0.21482797709133553,2.553436617824532,-32311.78759765625,20699.81634499505,3.27053898333054,0.24535624305368706,0.1388425254875882,0.29535984021959605
10550,21.1,0.2161455394772003,2.553950084839435,-32595.386932373047,21148.629517722875,3.272268408376681,0.24585148690914066,0.1407631858525164,0.2973378384594387
10600,21.2,0.21641614745082524,2.5541585453715343,-32522.317626953125,21105.910155027348,3.2736071833446423,0.24580908608762284,0.14028561602462053,0.30058463296372256
10650,21.3,0.2163553361181869,2.554500952524919,-32371.15313720703,20884.382085789926,3.2753512892885834,0.24572267683941765,0.13918269706356304,0.303377521801972
10700,21.4,0.21633358423720953,2.555138151210084,-32583.14047241211,21161.54433926195,3.2777611516121556,0.2453483637348384,0.13862527785600237,0.30617954189553453
10750,21.5,0.2168212199952798,2.555874658935055,-32414.918060302734,21014.757793082856,3.280468986498533,0.24604576108159473,0.13781758223374843,0.3073041357647651
10800,21.6,0.2183810726533369,2.5563165191727317,-32617.337860107422,21258.405876974575,3.2817280726701363,0.24737869651012293,0.13893457611897134,0.3112939778299721
10850,21.7,0.21891889845136875,2.5566191950778867,-32218.89678955078,20947.011487682583,3.28369249208974,0.24708120589868307,0.14000382782456794,0.3140337667551368
10900,21.8,0.2200200285495389,2.5570014162305252,-32450.307708740234,21268.592863439815,3.285720302452744,0.24733675658418983,0.14117790354573598,0.3182539763081334
10950,21.9,0.22113986584436096,2.5575233409164455,-32425.99627685547,21154.512932119425,3.2872386482896148,0.24838489177006523,0.14125763945951156,0.3207260189488823
11000,22.0,0.2216150831855545,2.5577139027783695,-32486.663482666016,21194.60410667688,3.2896589665492137,0.24910943161104945,0.14035267461271053,0.31999332710255796
11050,22.1,0.22196383108796047,2.557488826751859,-32436.389129638672,21065.14065943798,3.290780499892681,0.2500290034904031,0.13873892896644777,0.32216736405164875
11100,22.2,0.22257823054642986,2.5570830521764156,-32426.633880615234,20829.781634889194,3.290975016356296,0.25145153811018306,0.13804785151577043,0.32169087583537037
11150,22.3,0.2238529028988066,2.5559431789736293,-32227.173858642578,20729.04002427729,3.290588891755051,0.2527523188505762,0.13918262156552338,0.3251538906094837
11200,22.4,0.2256642253366061,2.554581165211841,-32538.575439453125,20770.342211914598,3.2908229402916227,0.2540417835050839,0.1419759826825518,0.32719657736130053
11250,22.5,0.22692441144185205,2.553689153818412,-32300.924407958984,20768.172246188857,3.290982065602781,0.25470232339418886,0.1447979141316692,0.32688680016543376
11300,22.6,0.22796361594250136,2.5533366801093313,-32703.702606201172,21145.598440147005,3.2907761674079836,0.25501224642091275,0.1477112040366988,0.3248694490085294
11350,22.7,0.22900781328278927,2.552881603255302,-32512.2919921875,21162.87625894975,3.2912357222041217,0.2554830081048168,0.15037994292280113,0.32197092494743257
11400,22.8,0.230193045281071,2.552657481759427,-32614.729949951172,21248.26531731384,3.291992795975685,0.2564662353954863,0.15259953519885694,0.3201311013087374
11450,22.9,0.23117054239330292,2.5531381889439815,-32455.965240478516,21106.4648966128,3.2927224064787386,0.2568649996530504,0.1551472518410327,0.3195321380208575
11500,23.0,0.2323793094072506,2.553602142014934,-32382.652404785156,21224.968002066948,3.293288956345788,0.25828175018337457,0.15608126218936524,0.32103148378701074
11550,23.1,0.23336805512171233,2.5538248970785222,-32224.19940185547,20931.602717975155,3.294826921142327,0.2597249402479426,0.1564158865127829,0.32095071858696167
11600,23.2,0.23468588395424925,2.5542248232458755,-32379.10107421875,21183.59139771131,3.2968807410795735,0.2612308004989589,0.15727582178076124,0.32192583800115065
11650,23.3,0.23636235765912508,2.554632305135636,-32542.511749267578,21314.512531580403,3.3001486373747877,0.26363902811862633,0.15716804139090268,0.3241211611466183
11700,23.4,0.2374204697700089,2.5545565674380915,-32582.96075439453,21280.607735060854,3.3019013571932025,0.2653486822288377,0.15695738544155605,0.3256082441515929
11750,23.5,0.23864038637762602,2.5545270693479343,-32867.51150512695,21320.118034346495,3.30364777067819,0.26704128838976526,0.15657819916497526,0.3287267360343399
11800,23.6,0.23880269619176556,2.5543767310213936,-32530.40737915039,21131.7194205923,3.3042639240228393,0.26765751468531224,0.15560481422787156,0.3303436242205083
11850,23.7,0.2389591920800094,2.5544671390457436,-32189.849243164062,20923.064444686286,3.305225838617991,0.2676055361871921,0.15588715196423975,0.32957118346429143
11900,23.8,0.23911754154136394,2.5548138330489096,-32533.36279296875,20796.87562163145,3.305867286176063,0.26784185736215166,0.1554878669498377,0.33034705610797166
11950,23.9,0.2397189796565976,2.5556300987713576,-32566.338104248047,21000.904792593326,3.3071284429626684,0.26900403918035576,0.1548010221502682,0.33069360218488025
12000,24.0,0.24025404611887163,2.5560840026865033,-32662.470733642578,20894.368583710573,3.3086926448302463,0.26980839042157073,0.15433964324029043,0.3321185060973455
12050,24.1,0.24070890501735348,2.5568014014102842,-32427.11703491211,20638.978657644708,3.310240973098182,0.27025937733656635,0.1541954635928329,0.33301155357635753
12100,24.2,0.2409064660593092,2.557276621765532,-32817.87289428711,21028.14067623741,3.311753650524578,0.26996376735281147,0.15409663931017983,0.3342391037103011
12150,24.3,0.24056565014329512,2.5570436817396716,-32511.61114501953,20645.105341686285,3.3121070936433523,0.2693433529405194,0.15354100643456903,0.3335249438091717
12200,24.4,0.24003116018043355,2.5563424804259576,-32991.89572143555,21373.238024069462,3.3121109419326036,0.26834544389340187,0.15351479295746864,0.3328344165004831
12250,24.5,0.24038873071475633,2.55583801605475,-32730.396850585938,20802.895161824767,3.3114765864320237,0.26887431775412335,0.15351729929625363,0.33406711735763567
12300,24.6,0.24065793304041316,2.555659654918483,-32598.103271484375,20617.855120330118,3.3109247064112797,0.2692894246920879,0.15374847407642983,0.3340011744555307
12350,24.7,0.2410826685798169,2.5557016208506447,-32683.930419921875,20739.605478706304,3.3105901396340696,0.26980207094768077,0.15413955489629444,0.3347119233837916
12400,24.8,0.2422354902384857,2.556225222748158,-32614.967742919922,20697.104232104262,3.3108278311320345,0.27068730647451283,0.15522871904318686,0.3383616073265592
12450,24.9,0.24299323797891403,2.5571961887386663,-32607.75473022461,20666.029796616174,3.311714449546035,0.271259584536023,0.15568832438448493,0.34015324869175195
12500,25.0,0.24270811564811628,2.55806405263864,-32778.510803222656,20815.832379809115,3.311439157993583,0.27079794819679404,0.15534161264807764,0.34073153757584457
12550,25.1,0.24314621620208932,2.5594548151582406,-32559.946228027344,20979.82376828359,3.3118359343285597,0.2706786242756075,0.15560958231069408,0.3442710969030367
12600,25.2,0.24435927085009349,2.5605844075567052,-32542.216827392578,20999.995967660565,3.3123411780120304,0.2718836190149002,0.1559282450566159,0.3485662049878532
12650,25.3,0.24525138144033018,2.5609711188864916,-32600.973419189453,21054.766777400393,3.3136871820406664,0.2721505737887844,0.15628759591143407,0.35307568775989717
12700,25.4,0.24604990715619077,2.5612526912365485,-32538.796264648438,20869.894908641465,3.3146356184344117,0.2727801814150818,0.15588372502809944,0.3564818162119189
12750,25.5,0.24555409678427473,2.5612835419237947,-32088.028533935547,20780.408511282876,3.314159324782966,0.27188943240060937,0.15499066732299766,0.35797546605195435
12800,25.6,0.24574139503338152,2.561331001719512,-32641.518646240234,21085.171573075466,3.3137341011431,0.2725919335908571,0.15337770050368651,0.35880438215369126
12850,25.7,0.24581457957824135,2.5612200003140106,-32458.154541015625,20964.267526159878,3.3136826548597873,0.27318352913363536,0.15177364104084629,0.35852048958128646
12900,25.8,0.245592546118607,2.561033374727649,-32448.3955078125,20968.654472345253,3.313590590723499,0.27388982615862795,0.14903498262984577,0.3571390287196218
12950,25.9,0.24515687946370893,2.560394561645871,-32261.46255493164,20749.460972989444,3.3130173612694285,0.27436504723974486,0.14599021634986437,0.35711859918940136
13000,26.0,0.2450121003010835,2.5598648487453426,-32717.294952392578,21060.83162260754,3.3137688116009794,0.27479540388485585,0.14387780123718066,0.3557050543110323
13050,26.1,0.24589953205584034,2.559398469804463,-32700.302307128906,21229.809073689394,3.3155836114699397,0.27600032298271665,0.1431557743438623,0.35485212256825893
13100,26.2,0.2474085495147526,2.5586732423940695,-32649.058471679688,21327.302276620176,3.315766116807034,0.27829954248519473,0.1437951039931261,0.3525449762625003
13150,26.3,0.24855232252456946,2.5578517469234563,-32454.349853515625,21082.941122118384,3.3159538937379183,0.2805263772027052,0.14342332810147024,0.3518555921710739
13200,26.4,0.249765549687134,2.5573903777263522,-32490.329833984375,21062.407197566703,3.316612351470019,0.2826322832086038,0.14347144942682227,0.35116868557473496
13250,26.5,0.25047265736843904,2.556924946577025,-32466.883728027344,20745.23421798763,3.316187156887145,0.2842211231839212,0.142777547114884,0.3497631760026712
13300,26.6,0.25108369209242287,2.5562342271264655,-32897.46334838867,20993.097040012246,3.315197443015453,0.2848444359117088,0.1441022811253653,0.34852588107795296
13350,26.7,0.25088263919871867,2.5551506104975696,-32725.686950683594,20752.139507424086,3.3147346405721727,0.2838872069744842,0.14535070779964368,0.34805295264393094
13400,26.8,0.2509291031002538,2.5542563451486076,-32752.198364257812,20836.38228335511,3.3146889445220356,0.283734849875753,0.14572501860609602,0.34829905872402017
13450,26.9,0.2514972397253975,2.5536335245477866,-32708.684967041016,20923.825102152303,3.3153708903070473,0.2850140835432103,0.14531910789799415,0.3479522326245556
13500,27.0,0.2514623805371258,2.5534026325539654,-32720.176818847656,20962.963234530762,3.3152206747356447,0.2856508200776267,0.1442515694623508,0.3479936972700924
13550,27.1,0.251675907516659,2.553267403558632,-32760.583251953125,21041.05915998714,3.314891772513657,0.28590895919560694,0.14490239253731138,0.3471396554612583
13600,27.2,0.25134022805827394,2.5530000536574327,-32873.68283081055,21042.25918186456,3.313512637325104,0.2856903591077905,0.1445533289739408,0.34557890675821773
13650,27.3,0.2512171019640718,2.5528597741256442,-32505.69076538086,20615.818244240247,3.3132559737174394,0.28557323702835224,0.14449697302841424,0.3448815192626336
13700,27.4,0.25101241030218463,2.5535294569108435,-32618.819549560547,20823.41020891507,3.3137101899202412,0.2851547734107187,0.1439750141422022,0.3456713382205551
13750,27.5,0.2509215829469706,2.554291962142992,-32484.960815429688,20601.65251021413,3.314420394350457,0.28462613557573413,0.1440391951427355,0.3456278293728184
13800,27.6,0.2511261588478288,2.554913250002303,-32370.54119873047,20641.047138518188,3.3151704427420468,0.2841309084220959,0.1446536919376485,0.34660519943182644
13850,27.7,0.2515848454455438,2.555426685355925,-32355.151580810547,20560.50698945485,3.314822080441672,0.28438794106576165,0.14545053544283063,0.34453621684207963
13900,27.8,0.2514950396133365,2.555851142136259,-32506.410186767578,20896.418859936297,3.3144580246310924,0.28415361544188417,0.14508966792106207,0.34234855559994204
13950,27.9,0.25119524130869264,2.556378635650231,-32659.718658447266,21124.470247330726,3.314236096589309,0.28372586186387344,0.14432200632224587,0.3418636114210207
14000,28.0,0.2509039963743248,2.556096955872045,-32637.985717773438,20771.13888135692,3.3132532866524977,0.28371606034479574,0.14265030822569028,0.34284700082251546
14050,28.1,0.2516263850371012,2.555696246556253,-32704.93374633789,20756.74374633911,3.3129760291661796,0.28440511953031805,0.14260888112153725,0.34379876825036393
14100,28.2,0.2521494225311738,2.555304007221564,-32561.20819091797,20655.234110709745,3.313059493103267,0.2849280112543925,0.14249724140731024,0.34385004766148564
14150,28.3,0.25292563458297945,2.555185785207133,-32619.03286743164,20754.718330180272,3.3141570379599785,0.2851981263100839,0.14232502024133112,0.3455897127851095
14200,28.4,0.25349139012654154,2.5548363796704066,-32546.567413330078,20742.483424626407,3.3146931084530245,0.2854098889836809,0.1418231212969664,0.34592278904473633
14250,28.5,0.25379147810459063,2.554385696738153,-32537.825714111328,20839.85469305003,3.314692260462888,0.28558437856865854,0.14060391298859753,0.34828687717891094
14300,28.6,0.25367572041499237,2.553097883190016,-32460.09490966797,20647.451538708992,3.3141769732703104,0.28497829612827646,0.14016719160701543,0.35011018223109525
14350,28.7,0.2542626214575204,2.551953601563852,-32862.97686767578,20847.52828347846,3.313883187894871,0.28530482695618375,0.13982384953325147,0.35348210925087786
14400,28.8,0.2545836065825831,2.5508261220939086,-32707.75799560547,20798.28144337982,3.3132511029627056,0.2851497746686204,0.1398054255422039,0.35711116997380044
14450,28.9,0.25590987098415674,2.5496299524676154,-32667.352600097656,20799.391894541215,3.313209415704515,0.28606235131754104,0.1401286815595111,0.36279466069453903
14500,29.0,0.25730825291654846,2.5488707073588563,-32571.12091064453,20626.865556827746,3.3141570159305127,0.2868443780302336,0.14064061486259788,0.37075403172545324
14550,29.1,0.2578942426564242,2.548791132896062,-32558.52752685547,20679.138964006677,3.313652332280279,0.2868178791164388,0.14158270629471656,0.37610790084098095
14600,29.2,0.2575602697973381,2.549137123821286,-32505.419891357422,20789.255404382944,3.31418057652805,0.2862860073567079,0.1406136307001893,0.3784771838519182
14650,29.3,0.2571073866849144,2.549261039943702,-32609.74087524414,20888.825585223734,3.315659755103322,0.28628989319464343,0.13791717644235382,0.37968768059581254
14700,29.4,0.25757316843938927,2.5490948806309612,-32861.0,21047.994537002174,3.31596182207971,0.28682916794552477,0.1369312707199616,0.3816917045154202
14750,29.5,0.257822985822881,2.5493868523930816,-32624.694580078125,20954.494805236114,3.316743465829019,0.2866090756597522,0.1373652422723689,0.38140354644838415
14800,29.6,0.25849611235669157,2.550238713684654,-32871.21887207031,21131.661378094926,3.3187791775697044,0.2871234766909209,0.13718626646875232,0.38161637984546004
14850,29.7,0.25956652178703665,2.550853010478767,-32515.916259765625,20514.662130950834,3.3206103240129354,0.2878554287240942,0.1376363377819945,0.38050689345817446
14900,29.8,0.260310404839614,2.5512630101385856,-32679.86587524414,20678.6077891842,3.322299282517495,0.288308639295802,0.13773686952044267,0.3804129268439888
14950,29.9,0.26078973494595065,2.551758580791903,-32812.82272338867,20953.237831224687,3.322923225471919,0.28784353422537734,0.13877281830532046,0.38144520847786306
15000,30.0,0.2606693598406916,2.551895477707163,-32638.102752685547,20586.42144296225,3.3233951515881306,0.2870778605955889,0.13805652591966144,0.38110992530838367
15050,30.1,0.26057156610850113,2.5519440184401967,-32860.051849365234,21204.544284797274,3.3242545577117566,0.2865336950588503,0.1373756784696638,0.3802616164709475
15100,30.2,0.2606659048822001,2.552221523935938,-32668.74624633789,20661.62793181371,3.325584037184938,0.2850492624116288,0.1388161122926081,0.3810731317833284
15150,30.3,0.2606955069255752,2.552654517757797,-32910.332458496094,20941.801632694667,3.327329097827401,0.28387890003295607,0.1390680762932202,0.3830869727096957
15200,30.4,0.26084695078651576,2.553359870041864,-32918.982849121094,20858.42458597198,3.329737031594493,0.28284197044703274,0.138799331675869,0.38488214715097396
15250,30.5,0.26044547115128663,2.554222806565494,-32985.18341064453,20983.756099274848,3.331901514461785,0.2814595063073821,0.13803620442843825,0.3838764963432167
15300,30.6,0.25993877217746914,2.55502529889192,-33146.16650390625,20968.38506289292,3.332805403471709,0.2798550494170077,0.13771971652253148,0.384938341595569
15350,30.7,0.2597696356030395,2.5557958664670744,-32814.991119384766,20730.692172278417,3.3349515449707425,0.27813607482263747,0.13829817705732447,0.38459692291128206
15400,30.8,0.2598003260837472,2.5566827445679796,-32663.586639404297,20655.056648634607,3.336515928036735,0.277105792521527,0.13864842280530235,0.38426454578799063
15450,30.9,0.25940897924265927,2.557962127109729,-32819.63943481445,21011.60935134953,3.3365995949638005,0.27621919817496526,0.13928198446295242,0.38146200803041563
15500,31.0,0.25910857536101395,2.559099905681154,-32906.00173950195,21000.65091178473,3.3374907645345733,0.2748795774885152,0.14015555010334657,0.3800584854505109
15550,31.1,0.2590505679550995,2.5596770993244395,-32459.100463867188,20602.59965791495,3.337109521211725,0.273956969169198,0.1409553885416291,0.3792108755674055
15600,31.2,0.25884336094088095,2.559973977839754,-33111.41815185547,20872.20405547414,3.3357349630373276,0.2737740531927886,0.14168770490489085,0.375102851003045
15650,31.3,0.2584571841964809,2.56057013154375,-32942.306884765625,20634.815567001468,3.3349177046549503,0.27334083780241103,0.141303452555862,0.372923426366783
15700,31.4,0.25826193200089437,2.5616685136712802,-32643.424285888672,20535.924788695993,3.335562534267322,0.27297633823227285,0.14060579565012976,0.37094400257331156
15750,31.5,0.2586000286589158,2.562926976457869,-32886.48666381836,20783.5788013516,3.336505941837939,0.2731598108057528,0.14074068515143345,0.3705615579543316
15800,31.6,0.2582590377678211,2.5642501658805905,-32825.312591552734,20900.40707450593,3.3371640794884914,0.27325982512829156,0.13971581114453557,0.36930531402309885
15850,31.7,0.2589167773140669,2.5662247325367757,-32558.492736816406,20710.859490309143,3.3387112781540935,0.2745526326412563,0.13848041079431653,0.36983310175040357
15900,31.8,0.2595318985323497,2.568524272497514,-32808.655181884766,20904.605175540317,3.340152999778258,0.27606760396094665,0.13759190754965145,0.36855115830244484
15950,31.9,0.26142667425231036,2.5707204880921553,-32906.15286254883,20881.299488915713,3.341813119251509,0.27843037270282484,0.13821025349713803,0.3709985516703664
16000,32.0,0.2635561956090768,2.5730141165796154,-32599.72329711914,20643.880474692443,3.34369164774928,0.281251126628117,0.13892733642465252,0.3750933477956762
16050,32.1,0.2649417210488026,2.5751678332474084,-32985.058197021484,20940.935511492193,3.3459203475054817,0.2839692773809576,0.1381721297982619,0.3767210614965809
16100,32.2,0.2661229887115845,2.5768932149109975,-33076.52560424805,21099.601424555294,3.3482242850573596,0.2866010872356411,0.13665675909745043,0.37849232243574893
16150,32.3,0.26799189994535627,2.578524889635067,-32835.356994628906,20811.93551121559,3.3499110107343046,0.2894843087665128,0.13739057115282208,0.3812712392519291
16200,32.4,0.26931231484936585,2.579576983045574,-32749.782958984375,20808.542369570583,3.349498097954472,0.2919449674511398,0.1379567024656405,0.3818490568119129
16250,32.5,0.270819306892405,2.5808485263614847,-32795.643493652344,20819.111728519667,3.3496679443058253,0.2940000936853401,0.13974291228712346,0.38268239933924564
16300,32.6,0.27214128784204455,2.5823301274714954,-32553.925231933594,20696.597363116685,3.3499105002482112,0.29634539283324096,0.1413549337440978,0.379907657568355
16350,32.7,0.2735300148194983,2.5842470833330564,-32543.215087890625,20629.912677097134,3.3503607442562764,0.29864377514681384,0.14265802762617977,0.3769473918412296
16400,32.8,0.27466383837938385,2.586076771876546,-32474.313720703125,20683.45325506758,3.3521680135810197,0.30044564369560056,0.14324461277709727,0.3742444323635723
16450,32.9,0.27545753041824883,2.5872958275417686,-32660.17333984375,21005.647196976934,3.3545190527777162,0.3018674842970234,0.1428530246798753,0.37162637530506437
16500,33.0,0.27521435637742575,2.588054291617508,-32530.174346923828,20791.113301781937,3.356399093536035,0.301569773434467,0.14283645634977185,0.36891337404186253
16550,33.1,0.27436166265116724,2.5884267812419535,-32382.909118652344,20663.862258831505,3.3581444776094918,0.3002376972408133,0.14223788064534362,0.3665941570100304
16600,33.2,0.2739167647677242,2.5887797977006914,-32496.32452392578,20861.26117497403,3.3608510615219958,0.29854210673260395,0.14277087662601556,0.36584242336112754
16650,33.3,0.27339380790765455,2.58914927147928,-32548.835205078125,21057.99724564096,3.3644442162475148,0.2968271576373882,0.14209130614478574,0.3666504015675963
16700,33.4,0.271744522320465,2.5892265883376693,-32390.287506103516,20818.50515843928,3.3654757770358725,0.29448479019573975,0.1409612213473056,0.3632908577873261
16750,33.5,0.2705136673569174,2.5893451349785996,-32856.08215332031,21228.01798509294,3.366052061845078,0.2926622939586376,0.14062579460173194,0.36005377902860275
16800,33.6,0.2698999511114893,2.588792643580172,-32652.58575439453,20990.753398839384,3.3658687992414933,0.2913853152154657,0.14077174170342197,0.3589412688385913
16850,33.7,0.26988144190459235,2.588369534629865,-32382.946166992188,20693.358619655715,3.366305542155634,0.2906575330089552,0.1410559066399109,0.35970428136295435
16900,33.8,0.2696240489377575,2.5886470208938546,-32441.010345458984,20888.902938926127,3.366747185923062,0.28924018089460307,0.14219181610811946,0.3603227825889248
16950,33.9,0.2689307824951656,2.589086003092022,-32166.88458251953,20632.488618702162,3.3667265884578286,0.2874138066047278,0.1440649978863362,0.36008402428141456
17000,34.0,0.26811855578788313,2.5890495262456814,-32393.41552734375,20834.855087973643,3.3654793016666478,0.28546704902866277,0.14571491799941078,0.3593408825007578
17050,34.1,0.26750310730550925,2.588584394064774,-32582.713104248047,21063.469600862823,3.364430631343437,0.2846155700642094,0.14642148518317574,0.3576381545482801
17100,34.2,0.2668788567150867,2.5880181792171952,-32546.62371826172,21185.540180435462,3.364596065885638,0.2829836288015325,0.1470127558868264,0.3584247737281001
17150,34.3,0.2661878316881876,2.587525196396616,-32251.434478759766,20832.935136473738,3.3639262898176323,0.28192744713518253,0.14714391881695998,0.3584167686581011
17200,34.4,0.26537172238489537,2.586809646976322,-32518.397003173828,21234.17909943126,3.3634797137533687,0.279900118645478,0.1481151506287497,0.3596274146750865
17250,34.5,0.26438304444056376,2.585868524014598,-32374.759368896484,20867.925769020803,3.362584908274799,0.27801229542563183,0.1478874895761317,0.36024449794699226
17300,34.6,0.2636055947024144,2.584723961825306,-32457.256225585938,20975.21841819212,3.3627322495196483,0.27668827657652556,0.1466048025629755,0.361402734283687
17350,34.7,0.2635081566677505,2.5839965740072177,-32527.790161132812,20889.906807608204,3.3632109238072845,0.2765850744160634,0.1454584853412721,0.3649980567781935
17400,34.8,0.264022404750337,2.5839444265504077,-32468.37939453125,20698.66305088508,3.363409148407631,0.27740602459313296,0.14499064595384123,0.36815553652856847
17450,34.9,0.2642160058428585,2.58387603112043,-32694.224151611328,20661.387687579845,3.362959430268494,0.2774982780232881,0.1458343127365773,0.36931586090247315
17500,35.0,0.26348736769626696,2.583622009990487,-32925.86590576172,20842.175272400025,3.3620740643090756,0.2773771655801682,0.14509609083242736,0.3688143994220214
17550,35.1,0.2621343334473962,2.5834635372042825,-33126.99676513672,20807.297361120814,3.36084101995333,0.27686428025109217,0.14434612233903818,0.36591605790177967
17600,35.2,0.26114726978051234,2.5834652736197876,-33114.03842163086,20717.29117568396,3.36120627607681,0.2760301811550456,0.1439739672384959,0.36466702281895796
17650,35.3,0.2596245245379486,2.5835925134172646,-33019.58117675781,20834.44025060197,3.3622476940388357,0.2745967658202182,0.1425280841184757,0.3611533733774798
17700,35.4,0.2587893482439744,2.583778032066426,-32899.31457519531,20819.817418745253,3.363145421726711,0.27367053118999907,0.142241385097357,0.35782215918689725
17750,35.5,0.25807076065634776,2.5845759864504845,-32617.414642333984,20738.32908053999,3.3638790472559204,0.2722072512047667,0.14382385893209151,0.3545834505787888
17800,35.6,0.25781222415250815,2.5850649038658893,-32749.28448486328,20986.240172865335,3.364068136985212,0.27118521554074054,0.1467374795244323,0.3511817959061188
17850,35.7,0.25677024942063104,2.585022326149602,-32337.844024658203,20551.954835012788,3.3636666008696694,0.2698881629477489,0.14771926388797443,0.34699603617812413
17900,35.8,0.2558916130283662,2.584992604892199,-32781.55310058594,20942.7249717135,3.3631266346136592,0.2689588927195565,0.1490242864070688,0.3429323688409318
17950,35.9,0.25582223543700044,2.5842075493237795,-32688.623107910156,20716.308760288637,3.3627276804870734,0.26922465861022876,0.1502480201460443,0.34006740683874026
18000,36.0,0.2556014171764243,2.582998064040953,-32783.032653808594,20874.609498892096,3.3614799298421554,0.26962674016838045,0.15092114288802386,0.3369163656112191
18050,36.1,0.2550540505815549,2.581690503646023,-32644.373260498047,20650.39603567985,3.3597008225832026,0.2700245138524242,0.15013916116564838,0.335901227903689
18100,36.2,0.25441850584578507,2.580352968324303,-32607.469024658203,20673.27731170738,3.358463792412496,0.2701356684149672,0.14967649593787102,0.33336394637990147
18150,36.3,0.25348091073503265,2.579176514227105,-32991.2018737793,20887.93385505723,3.3559156910191206,0.27025220415098866,0.1494573518337935,0.33002683165089153
18200,36.4,0.2525732418968441,2.578302299189655,-33172.91778564453,20969.13577904692,3.3530059382961865,0.2701510236219005,0.14954727902731876,0.3266823023091439
18250,36.5,0.25187940715098944,2.5773863667097197,-32831.502349853516,20493.752147171937,3.350434320416196,0.27009163385704277,0.14958845511088464,0.3240103043536439
18300,36.6,0.2505794724448885,2.576742027901318,-33125.756439208984,20667.74091041414,3.347479633130665,0.270304600241291,0.14826301343072124,0.3181908493399194
18350,36.7,0.2493616908194923,2.576281243589027,-32763.96307373047,20585.549278525636,3.345688418546019,0.2700242433123412,0.14678515390262933,0.3143013105070876
18400,36.8,0.24906009748551877,2.5758412621359614,-32651.55746459961,20697.06271666079,3.344487904800526,0.2700446605343222,0.14628966295305482,0.3140757499363163
18450,36.9,0.2489218965148972,2.575182750585061,-32630.014282226562,20862.75152106327,3.3416691714289413,0.2700182174727579,0.14679720653459602,0.31371730903359246
18500,37.0,0.24901564712776728,2.574754853005776,-32315.112701416016,20810.963696124963,3.3411261198967503,0.270124931734094,0.14695889496122702,0.31411750154283985
18550,37.1,0.24873727655489136,2.5739673716392923,-32102.18475341797,20706.073004294652,3.3407358087272985,0.2700337589368241,0.14656073383945165,0.31399647106145595
18600,37.2,0.2488754744410761,2.5736858484584304,-32627.913787841797,20816.559468969703,3.3406781946039263,0.27004925492141346,0.1480121786795389,0.31325740448861594
18650,37.3,0.2498247383379155,2.5735806547746574,-32621.186157226562,20933.207944049034,3.341055996153926,0.2704162738809932,0.1508390901327176,0.3144085867111312
18700,37.4,0.25084688958891177,2.573401875447047,-32388.725646972656,20449.521297936328,3.341631285105238,0.27100924808266097,0.15342086529680649,0.31536269695515107
18750,37.5,0.2518076406819594,2.5733725781514147,-32724.518981933594,20817.36894896906,3.3415968369564646,0.2718900719642146,0.15516963244016857,0.3154906406594791
18800,37.6,0.25247923319559057,2.5728071818012,-32453.940521240234,20634.416408056393,3.341331854838037,0.27294176747372667,0.1562103841133568,0.3150365376774566
18850,37.7,0.25317928657020555,2.5721126092382547,-32915.46438598633,21061.597648456693,3.3411338988799693,0.27414846690318007,0.1573520299663057,0.31507073054734214
18900,37.8,0.25443319115293533,2.571585322981577,-32363.666900634766,20426.00214755861,3.3426539456651505,0.2756572834277557,0.1586029699761219,0.317813848388734
18950,37.9,0.2552055172978987,2.5714176536796023,-32759.18862915039,20714.716494089458,3.343730535044091,0.27653889026117723,0.15990842175678163,0.31885700856124616
19000,38.0,0.25659861942963486,2.5718094105800917,-32643.80255126953,20693.38401351217,3.344907440738251,0.27757889728423807,0.16249861884572683,0.32089035002070526
19050,38.1,0.25822234041717085,2.5724583139738995,-32384.68341064453,20781.391663647257,3.3464983671377917,0.2784772378200248,0.16527299939465936,0.3257968785443495
19100,38.2,0.2593440519331468,2.572980885810166,-32671.05633544922,20979.012192241848,3.3487903205403367,0.27887026472390997,0.1666852298710989,0.3297961054021843
19150,38.3,0.2603281014555401,2.5739665970209535,-32616.153198242188,20798.182243411196,3.3508670748847487,0.2795987578486013,0.16707275714206452,0.33339831186723323
19200,38.4,0.2615321654627446,2.5748640448575193,-32298.289459228516,20467.395640385337,3.3533680074535743,0.2805569203906235,0.16785542269215384,0.3367506743984782
19250,38.5,0.2627317860983451,2.5757465078834665,-32574.087677001953,20550.128542579245,3.355283957399678,0.28189507249888246,0.16860954483546575,0.3385729808380494
19300,38.6,0.26381922573050154,2.5761972318298625,-32745.74478149414,20891.436104470224,3.3569808901638973,0.28308597438445493,0.16888875084218338,0.34064512875212904
19350,38.7,0.2643520949041754,2.576660854878956,-32580.129180908203,20867.35600535525,3.3581350808769237,0.2835807316598541,0.16891341853334685,0.34172480603532235
19400,38.8,0.2652156710985695,2.5775448258807074,-32553.681640625,21020.787926549092,3.361448784544325,0.2835865227516959,0.16957768582918611,0.34488657747475837
19450,38.9,0.26526606980237644,2.5786880828595002,-32469.353546142578,21036.972827954218,3.363956154373455,0.2827960599508971,0.16969567834862995,0.3484800162504106
19500,39.0,0.2669313955329039,2.5793297454079043,-32547.505981445312,20997.81119742978,3.3676102525286766,0.28320790927420947,0.17168943736748574,0.3543672060345802
19550,39.1,0.26760155134427605,2.5797222664356156,-32562.59310913086,20896.2008473631,3.370645898168456,0.2824696746688043,0.17278697007965543,0.3589025210399007
19600,39.2,0.2679574659898099,2.5803648311024263,-32611.258850097656,21022.91844749078,3.373850174470759,0.28143601615117847,0.17349093268638865,0.3627148355857175
19650,39.3,0.26826313524651063,2.5808063508998393,-32629.21029663086,20938.11306595523,3.376708456729892,0.2804907696011444,0.17398417390583856,0.3675099840390532
19700,39.4,0.2684346482954739,2.581368246948293,-32574.269958496094,20914.56368913781,3.378549036340501,0.2802369340356986,0.17373791701652774,0.3711751276440444
19750,39.5,0.2682774006837685,2.5821160119334894,-32821.76858520508,21141.664675316075,3.3788085244965678,0.27933004627004104,0.17358220417146183,0.37426740346457066
19800,39.6,0.2682710188673777,2.583268191009674,-32805.97381591797,21121.092154482263,3.379982014084701,0.27863888995841596,0.17323236791763175,0.37754791353074174
19850,39.7,0.2690396945771053,2.584801688349834,-32692.579833984375,20891.060507144604,3.383293301755768,0.27901514686806295,0.17182149898097668,0.3828611555295624
19900,39.8,0.26942991625330764,2.5862662335921796,-32774.475524902344,20807.82859022636,3.38758562716097,0.27918136866204046,0.16952586994518926,0.3876762079770424
19950,39.9,0.2693638011035017,2.5877897636725344,-32610.379180908203,20706.006599754095,3.3902171375157915,0.2788927814322398,0.16679796460027388,0.39164801508691943
20000,40.0,0.26995550976991844,2.588604687364273,-32557.26788330078,20573.07381396368,3.392705906301228,0.27874850825433317,0.1657436543646117,0.39482637035981794
20050,40.1,0.2704999380554681,2.589408189450275,-32522.378051757812,20684.910464535933,3.394544591942353,0.27891747815066753,0.16468863920195106,0.3970029771922619
20100,40.2,0.270842721575381,2.590207232927135,-32998.26086425781,20992.394995479845,3.395693597080159,0.2789019842035951,0.16379008030490239,0.40097959201812994
20150,40.3,0.27088704759323473,2.5906332656212276,-32993.10189819336,20825.558795016666,3.3947485087482865,0.27867183924973205,0.16335997342375433,0.4034380506237856
20200,40.4,0.2712842835666663,2.5909765885841254,-32928.552337646484,20731.124466589186,3.3941872470476993,0.278264746131149,0.16389941112127987,0.4070330098527682
20250,40.5,0.27175745884392727,2.5916309078750053,-32551.441680908203,20490.496382826474,3.393901300320693,0.27811893816650524,0.1645261134985926,0.40961586892779256
20300,40.6,0.27256806233543823,2.5921140281544672,-32756.91928100586,20408.30040292954,3.3929625564584787,0.27867644109514783,0.1651763750623621,0.41212400336482613
20350,40.7,0.27299509106007835,2.5922694758111673,-32770.89758300781,20452.081472776947,3.392754853350348,0.2780630743056065,0.16559016382476754,0.4156214319570125
20400,40.8,0.272907023213409,2.5924923905528203,-33001.74890136719,20777.406877017114,3.39241359326747,0.27694819728265835,0.16522009625703343,0.41845472728451405
20450,40.9,0.27248568999634154,2.592281185503799,-33005.91760253906,20480.174047837732,3.392360366325754,0.2760226093086477,0.16373743520077744,0.4198513522803711
20500,41.0,0.2720427885028592,2.591796038085445,-33278.92575073242,21051.50275016995,3.3916062652341,0.27559098054324643,0.16184613529298805,0.4211176881556006
20550,41.1,0.2719499177201343,2.5918019195910205,-32857.532318115234,20636.448944965145,3.3900057141107367,0.27606384482036395,0.16000360429151572,0.42089075567999407
20600,41.2,0.2719784267283915,2.5923061323711,-32706.981811523438,20449.627659735736,3.3900476545844436,0.2763142450471571,0.15818228134482637,0.420259170310007
20650,41.3,0.27270096415986605,2.592789760786737,-32639.011779785156,20491.30824189214,3.390706275396152,0.2779408098417089,0.1564630521078922,0.4192673295282276
20700,41.4,0.27358966512949523,2.5933658513347275,-32604.418243408203,20293.420082970522,3.392188185622443,0.2792984374768535,0.15572686111919587,0.4197289408761389
20750,41.5,0.2754629799472277,2.593937280265577,-32893.86865234375,20513.183066202677,3.393857847923151,0.2815572213121581,0.1560446547175482,0.42090182814305444
20800,41.6,0.27709200895753117,2.5939398904975355,-33018.37710571289,20530.033268919564,3.3947334468393042,0.284420251675171,0.15472790223784616,0.42155242060282955
20850,41.7,0.2781658028839178,2.5940749081087526,-32907.91619873047,20427.235769023653,3.396014452581828,0.28666531200601436,0.1531952023416572,0.4215998140830305
20900,41.8,0.2786501061388344,2.5936725349429355,-32907.6555480957,20591.711964717135,3.3962322784958014,0.2883397635361399,0.15145438389537327,0.4205214990681406
20950,41.9,0.2793852822490235,2.5927883957585514,-33279.239013671875,21027.25157663063,3.3965525299430555,0.2897135904368168,0.15003319674834875,0.4218122580445094
21000,42.0,0.2796284554029976,2.5920304440247506,-32717.16128540039,20601.047105213627,3.3968380935088613,0.29027073903151607,0.14867382590638456,0.42374977243803574
21050,42.1,0.2796260785990288,2.5912237392860944,-32671.477996826172,20538.326968501322,3.3968565619492135,0.29052258989368024,0.14715940859487928,0.42378996224594656
21100,42.2,0.2794059399934534,2.589860741132334,-32974.412048339844,20788.940610679332,3.3961358025106247,0.2902997666864513,0.14646497069003844,0.42473183000359066
21150,42.3,0.27972811238239986,2.5887685745482765,-32759.153045654297,20643.539404641604,3.3958732515320453,0.29007526276724466,0.14725376809520724,0.42529999896642884
21200,42.4,0.2805729940306131,2.5883106310297004,-33033.167236328125,20747.67933506309,3.3964919556543642,0.29070905265723623,0.14841224261115504,0.4260949061629859
21250,42.5,0.2813772420423692,2.5876572245972906,-32981.78924560547,20562.107416499755,3.395301547257278,0.29169350410427525,0.14939571751494024,0.428629465229701
21300,42.6,0.2830356551330861,2.58662455473934,-33044.39123535156,20566.521519617643,3.394947501729578,0.2934940596653884,0.15113615153256157,0.4330019510486629
21350,42.7,0.28519608322197787,2.5857971348642326,-32853.0888671875,20284.972292450257,3.3958710407775485,0.2962608787025363,0.15231232019597019,0.43460309078132103
21400,42.8,0.2875737934361706,2.5852382477441713,-33063.97735595703,20598.837663901504,3.39609675012702,0.2992241886309392,0.15351793758551674,0.4372186871350233
21450,42.9,0.2900038194502109,2.5845961204247714,-32845.12170410156,20498.95204390399,3.3965077311525107,0.30185814276631623,0.1549753297198531,0.4414582343024411
21500,43.0,0.29155365789792526,2.5840808983708996,-33072.98587036133,20709.63104658673,3.395790853380493,0.30390314514015204,0.1557152750209174,0.44297171213595243
21550,43.1,0.2928527791764028,2.5833606005410275,-32648.455688476562,20613.42912739335,3.3943423871648846,0.3055658407523961,0.15669560914081662,0.4444426269582803
21600,43.2,0.2940796055470716,2.5826299484830955,-32627.88491821289,20606.958705326077,3.3946190275776944,0.30784393297466295,0.15616629837600687,0.444229873754094
21650,43.3,0.2952663142289928,2.581550324887745,-32890.946685791016,20834.60653106775,3.3941603174270853,0.30944030015422974,0.15757765044524252,0.444122639025661
21700,43.4,0.2961000759878139,2.580195745527234,-32843.47952270508,20675.961124717258,3.393945717130284,0.3106638244004129,0.15793125214753628,0.4434585703207454
21750,43.5,0.29687978211005306,2.578539707987444,-32517.14614868164,20449.631292314618,3.3931975480577576,0.3115455757183951,0.15860820204261528,0.4440327407699158
21800,43.6,0.2984868421421914,2.576978237709564,-32687.554107666016,20926.28145332774,3.3925593283840842,0.3129747146681731,0.1600714338600737,0.4459862009007309
21850,43.7,0.2998690372638433,2.575472275621803,-32381.819122314453,20800.45161632262,3.39235482308975,0.31347990830292377,0.16220285148593114,0.44742701387592837
21900,43.8,0.30104263866770276,2.5745717445259557,-32897.89434814453,21255.739243655466,3.3921407079662798,0.31435521278916767,0.16325906863740047,0.4505048787482204
21950,43.9,0.3020928290359103,2.573812586629655,-32768.515716552734,20983.71495204023,3.392239833501345,0.3149097992091519,0.16486721364270662,0.45331670740694124
22000,44.0,0.30350199213977147,2.572953692671421,-33050.15515136719,21267.0781733692,3.391564836743314,0.3160725525845088,0.16707884132350476,0.45515028852121975
22050,44.1,0.3043382233467374,2.571925260437913,-32511.122131347656,20652.069954199716,3.390998897642829,0.31652872617925565,0.1689780143647469,0.4573424486411249
22100,44.2,0.3045046609017646,2.5712339453992175,-32655.11669921875,20858.65693290881,3.3894911286681553,0.3160612553989062,0.17008955091120523,0.4572835435821418
22150,44.3,0.3046644493882556,2.5706004715333592,-32642.60223388672,20941.08864793856,3.3876323001647295,0.3161025074859733,0.17107193729169826,0.45673555323641435
22200,44.4,0.30441688696115804,2.569998266935999,-32824.83087158203,21191.065735172015,3.3853656489956547,0.31581105351747907,0.17202263995732975,0.45545444989518885
22250,44.5,0.30381935387327147,2.5691890523250036,-32640.952514648438,20817.38598754094,3.382274548827324,0.3148687432799236,0.17328443785102582,0.452513892053044
22300,44.6,0.30300867575434426,2.5684825501637483,-32749.484588623047,20947.84105520835,3.378069143426316,0.3143824890265727,0.17426438606574968,0.4475435699073146
22350,44.7,0.30265875701907347,2.5685030262950135,-32630.26693725586,20737.812744662864,3.3757302057243646,0.3142876139884604,0.17473625685836341,0.4445512708106871
22400,44.8,0.3024773392562064,2.5686907377294883,-32741.296447753906,20719.628348820843,3.3739925761465663,0.3150377290928363,0.17443405018875136,0.4419834944589677
22450,44.9,0.3020919162335218,2.5686923242956676,-32803.31619262695,20927.278009820264,3.3714640525183226,0.31617697049297194,0.17367344472929513,0.4399185948218946
22500,45.0,0.3012858607349807,2.5681949785414955,-32657.582641601562,20773.102693907917,3.3687057264202394,0.3168495335847885,0.17234008849461477,0.43753976875639206
22550,45.1,0.300589367296819,2.5676738442169262,-32569.039031982422,20573.738005926367,3.3658369176809133,0.31706414832686747,0.17204926495677422,0.43499778575573733
22600,45.2,0.30058437601712523,2.5678131738605825,-32546.549713134766,20704.84066495765,3.3640417307072883,0.31821787669618595,0.17149160826402543,0.43283375670939694
22650,45.3,0.3008773124741296,2.5682132354317044,-32878.906646728516,21011.619050610345,3.3626597717915847,0.3196486710237213,0.17081240330509118,0.43079972410126655
22700,45.4,0.3015126427389981,2.5682866050858864,-32617.643951416016,21059.11788304674,3.362518526596114,0.3211803939894687,0.17032704544266042,0.4292561229136565
22750,45.5,0.30245336814735896,2.5682494727259546,-32783.79962158203,20943.98549655429,3.3626757397120364,0.3232890126874227,0.17061525949298015,0.4249835221125286
22800,45.6,0.30342693160365714,2.5679510562566894,-32421.015991210938,20861.707433987875,3.362991833096366,0.32404831037141013,0.17270623793332082,0.4227762780481046
22850,45.7,0.3044216086934331,2.5678158131039224,-32463.838348388672,20794.16603851132,3.3636748255633115,0.3249069139039799,0.17397215851279557,0.4232745043808215
22900,45.8,0.3045049242462486,2.5677953081754854,-32687.299926757812,21166.293920385186,3.3639780550241047,0.3259951865050072,0.17241543681916857,0.42150562109824835
22950,45.9,0.30485866317637655,2.5677941591763984,-32674.745544433594,21170.611742849927,3.3642926447662833,0.32785900684514985,0.1711177534492003,0.41919271015422827
23000,46.0,0.30506033249049624,2.567879220576082,-32947.4372253418,21202.75675599766,3.3638052093372184,0.3299286000600591,0.1694971451380581,0.415573996631776
23050,46.1,0.30537212728504926,2.5679766307023497,-32632.969665527344,20929.808329700463,3.3623629582147005,0.3313142758833365,0.1691636919068331,0.4119467174181346
23100,46.2,0.3059985736974294,2.5683208364160506,-32614.643676757812,20713.819113280624,3.361884236200327,0.33235842881733835,0.16953862034140638,0.4093333057189523
23150,46.3,0.3060091743978532,2.568879465466379,-32668.33319091797,20857.03707901435,3.360651118816968,0.3329719001948278,0.16918752298141015,0.40708969659777366
23200,46.4,0.30629391371932424,2.5696231561685843,-32398.264739990234,20701.59045935562,3.3598440853889184,0.33393434641023567,0.16947945217942287,0.4046682519045917
23250,46.5,0.30588931801770064,2.570325708783718,-32931.67727661133,21001.083731235587,3.3582819644238238,0.3350271458318907,0.16784199516413448,0.401296627727428
23300,46.6,0.30561117176887503,2.5707575886533953,-32545.509674072266,20558.229956766358,3.356634496017024,0.3366377758453873,0.1661682990838004,0.40004522930321607
23350,46.7,0.3056864737043739,2.570951793880757,-32898.590087890625,20970.612118453253,3.355760394994492,0.3378283213970788,0.1655122672375377,0.40039265410961017
23400,46.8,0.3057114736693023,2.5713763026136345,-32844.177642822266,20905.870607321616,3.3540366650041737,0.33891115381505377,0.1654055498451001,0.3999131114562043
23450,46.9,0.3059088529642551,2.571106669998947,-32674.54229736328,20658.17067980254,3.3531331805486158,0.3399780585157009,0.16607242079814938,0.39997935487948894
23500,47.0,0.30527400084170986,2.5701355067457534,-33034.627502441406,21034.662353868596,3.3520768512602537,0.3412220997851838,0.1634573969064522,0.39699941075927003
23550,47.1,0.30494796594281015,2.5687526325261407,-32742.339630126953,20804.609297936317,3.349869081357777,0.3427642764930679,0.16187083951507905,0.3942439411284767
23600,47.2,0.3048050721349343,2.567342511820772,-32820.24719238281,20950.35033116513,3.3491275492900394,0.343880932507465,0.1609982594084145,0.39316489249098974
23650,47.3,0.3042758487061287,2.565965467346118,-32836.673828125,21338.43339728471,3.348361977799961,0.3438827439101071,0.16018912546481864,0.3933124200457337
23700,47.4,0.30304744200621253,2.5644708865089383,-32442.54620361328,21141.309933402576,3.346840152031044,0.3436693404209561,0.15842608940475625,0.3931187099892663
23750,47.5,0.30205094282738465,2.5636520946769736,-32505.51547241211,21110.407080722973,3.3460951570556476,0.3434799334094975,0.15685014154774132,0.39236655100856727
23800,47.6,0.3012998501696551,2.5633783552063445,-32727.43734741211,21364.562604803592,3.3454580879994262,0.3435391603904816,0.15498142418368563,0.3918461197140782
23850,47.7,0.3008008711429425,2.5629704056482483,-32662.860412597656,21328.486446845578,3.3451259361557977,0.3434218689646884,0.15385696735241464,0.39229024908908444
23900,47.8,0.30038158501187273,2.5625737300437175,-32544.580291748047,21245.32283771597,3.34469671363824,0.3433986256810444,0.15317837144193633,0.39175162348023473
23950,47.9,0.2998602880266948,2.5627500119332263,-32508.815826416016,21119.447261816822,3.3450019716700155,0.3427730094022129,0.15244580199643604,0.39274255688316984
24000,48.0,0.30040988360335324,2.5640429943096654,-32691.05938720703,21236.13388652401,3.347329538638097,0.34399556861979474,0.15169379518404683,0.39409329423612177
24050,48.1,0.3008962642943626,2.566351938528944,-32669.874938964844,21342.027014284395,3.3514258940178676,0.3439813925537805,0.15189235515165442,0.396950332870132
24100,48.2,0.3008654914739635,2.5686209776892004,-32316.46548461914,20955.570974738337,3.356113902230314,0.3425272702217593,0.1522050978529118,0.40195411759119637
24150,48.3,0.3006313059417133,2.571071744795137,-32889.3137512207,21184.48416792648,3.3601060326596937,0.3410601002082433,0.15236657546532176,0.40308558558188956
24200,48.4,0.3008169272291575,2.573049255981539,-32737.94287109375,20928.586871908046,3.3639950017003777,0.34065323911330647,0.15236227159439467,0.40368019756058576
24250,48.5,0.30119353257448567,2.574505449580139,-32389.847198486328,20780.10293909075,3.3669629635936964,0.3407724168557628,0.15271435880808545,0.40411648013099294
24300,48.6,0.30109081889283523,2.5749841227152204,-32543.14193725586,21067.983560234774,3.3694191350754075,0.33962919815119064,0.1538626343463044,0.40580340833471895
24350,48.7,0.30084687240586006,2.574956373819631,-32686.083374023438,20969.704181630863,3.370220768264241,0.3392713406408104,0.1540673054432398,0.4063079482790396
24400,48.8,0.3011154860098951,2.5747541480569005,-32615.788360595703,21049.733107201057,3.371596800918498,0.33971247807473304,0.15406872772976224,0.40697848546712795
24450,48.9,0.3019564258115324,2.5749983557890053,-32577.40167236328,20956.94967427035,3.3739835118414865,0.3407599835690041,0.15406538682085247,0.407783851492364
24500,49.0,0.3019565545289121,2.575153148688661,-32674.42074584961,21161.452908416744,3.375842855272624,0.3402005030035839,0.15401845809225193,0.40875539229859087
24550,49.1,0.3026976279457556,2.575432678003994,-32439.20932006836,20841.992817081744,3.3779620351429775,0.3410898772918746,0.1535957542598849,0.41012529457067
24600,49.2,0.30307810127121665,2.5755952687725245,-32633.406951904297,21034.945172353182,3.379251848169839,0.3416568242758491,0.15254865667852416,0.41064283067673096
24650,49.3,0.30410936045669273,2.5757101437558765,-32616.412963867188,20979.93933991622,3.3811339511340703,0.34301395309751675,0.15172668749455276,0.41116182892377634
24700,49.4,0.3058756578400444,2.576167276296678,-32471.05892944336,20920.41818189295,3.3834649227908313,0.3453614526381414,0.15181651854171826,0.413404398155367
24750,49.5,0.3069257142229775,2.576219439533785,-32252.255828857422,20873.4337637797,3.38490930445033,0.3465466201999201,0.1520083984039184,0.4141817274642967
24800,49.6,0.308099995800127,2.5760966492324795,-32480.09246826172,20767.602370374603,3.3870026067104777,0.3473064263317484,0.15281049591810184,0.4137666108109008
24850,49.7,0.30848474604215137,2.5756549521164125,-32775.62741088867,21215.95669293264,3.3894794722062205,0.3472067014125549,0.15272739005408273,0.4131904548549966
24900,49.8,0.30960898605513065,2.575665372158423,-32661.777954101562,21117.93098138238,3.39299250873169,0.34848953871020666,0.1518662899770232,0.4120012686287635
24950,49.9,0.3102978423675093,2.576114123013192,-32473.379516601562,21192.803489272454,3.39758260024607,0.3483609509737458,0.1514902113488647,0.41142567879417224
25000,50.0,0.31140564725698283,2.5767130125606257,-32644.03091430664,21227.612323433626,3.4016425366850256,0.3490995287041337,0.1517735238846913,0.4103235211406394
25050,50.1,0.3110148141747923,2.5773993489847116,-32666.50701904297,21102.63174017286,3.403176483707934,0.34781404596656945,0.15234158301281006,0.4090287948915244
25100,50.2,0.3106667708694282,2.5776672540319607,-32727.021606445312,21189.039767228067,3.403956199593121,0.3464668370473727,0.15317170777761374,0.4098439267993404
25150,50.3,0.3106095820980861,2.577991595370722,-32762.919677734375,21145.02520723689,3.4039182887304427,0.3466118173755407,0.1526101426312205,0.4093051236053361
25200,50.4,0.3100820656091206,2.578079337749631,-32392.52130126953,21057.261964363977,3.403359615808248,0.3458928671506957,0.15242033471500244,0.40990328323806946
25250,50.5,0.3099321147876407,2.5777310103157993,-32431.948303222656,21074.319333334686,3.402237316547833,0.3459274638861702,0.15232619554664095,0.40877517561030774
25300,50.6,0.30940333133146947,2.5776744636207787,-32714.870513916016,21291.054406190175,3.4012487104874904,0.3458126981373193,0.15161452829456784,0.40605830863608305
25350,50.7,0.30835525462184327,2.577360975474891,-32516.32894897461,20958.54879912082,3.401819470664296,0.3446234957084796,0.15027346957960705,0.40371689289457624
25400,50.8,0.3076598164078625,2.577281584939682,-32679.73388671875,20922.7083379596,3.402188599142007,0.3440388654228839,0.14980611758206447,0.4000449158156227
25450,50.9,0.3078812626907475,2.577209217650374,-32528.132537841797,20761.955348561518,3.4035497289375503,0.34410315961305565,0.14959301476080322,0.3987962215593413
25500,51.0,0.3081415930841533,2.577531909041949,-32660.404693603516,20882.536485314253,3.404138892798014,0.3440636153110055,0.15092338044666473,0.397355296662314
25550,51.1,0.3081904546122454,2.5774411015195398,-32842.61892700195,20912.190729947994,3.404400314967522,0.34438113546559784,0.15129621958394573,0.3948584372836527
25600,51.2,0.3080760213179279,2.5771688421139287,-32925.359619140625,20994.711884670076,3.4031591674430044,0.34445930057185,0.15353325310644222,0.3919272171008503
25650,51.3,0.30784272174784977,2.5772748147515787,-32692.960998535156,20675.016955259256,3.4029434165897445,0.3441571434214918,0.15522503444542593,0.38951454313360245
25700,51.4,0.30763276387350796,2.5768945086487967,-32823.67102050781,20757.642767366953,3.402947193183166,0.34365273235403077,0.15647210039020235,0.38768818779872627
25750,51.5,0.30661930131445103,2.5760393969542914,-32319.47055053711,20536.291084533557,3.4018719603085747,0.34271473382542916,0.1568512584338939,0.38475063408951043
25800,51.6,0.30562803980179226,2.5754474255110686,-32793.659759521484,20685.376679599634,3.400101410815927,0.34262605003710755,0.1568111510350846,0.3794434910390458
25850,51.7,0.3049376870832161,2.5755075605549442,-33124.317474365234,21104.960987833794,3.3991537275457016,0.34199133983648944,0.15700975518241256,0.37699999589414607
25900,51.8,0.30464051625865285,2.575325032477144,-32803.62860107422,20826.153977131937,3.3980153387016077,0.3419061765080856,0.15850007529912252,0.3756906460429283
25950,51.9,0.3043522052803744,2.5747930930397085,-32584.656707763672,20552.315487653017,3.3969608794832435,0.3421710261924394,0.15921050440959816,0.3738639954524761
26000,52.0,0.30412556453280937,2.5741282581405622,-32495.372039794922,20558.679023368284,3.3947630298246674,0.343104614378555,0.15795115876387752,0.37176934616538904
26050,52.1,0.303794186870754,2.5737613436285356,-32895.66424560547,20966.533490478992,3.3931399531858024,0.3434184085859805,0.15743736358058225,0.3697895392478468
26100,52.2,0.304300039445903,2.5736531400879072,-32971.125732421875,21070.067016631016,3.3916952396525106,0.34454894260665936,0.1574940228906763,0.36919488143796064
26150,52.3,0.30577919455675073,2.5732851703268356,-32927.342224121094,20893.475824868307,3.3911675273745154,0.346498826749927,0.15803858113669647,0.3715606067804986
26200,52.4,0.3063727141506302,2.5728007493977247,-32804.383850097656,20654.93918563449,3.3890454838517297,0.34749172497113145,0.1580377052731331,0.3748223686356138
26250,52.5,0.3065560610122484,2.5728096775811253,-32948.273529052734,20862.495036937762,3.3860059521659203,0.347734802921046,0.1586713246944674,0.3773249637054555
26300,52.6,0.3065271611354267,2.5726571862755323,-32750.887298583984,20854.137665743474,3.383568596820587,0.3476254540053832,0.1589314164330983,0.37965240498025016
26350,52.7,0.30634093420612574,2.572612078035756,-33073.463317871094,20942.625731992885,3.3814252136401732,0.34716722629239855,0.15897130094214434,0.3828652456851355
26400,52.8,0.3065892047860842,2.572498627346099,-32745.435760498047,20734.086078886176,3.3791880004708594,0.34712058406974944,0.15923251242179237,0.3876725221206967
26450,52.9,0.30665834651277285,2.5723091918348504,-32726.066192626953,20866.894703328144,3.377909073942592,0.3468890965154637,0.1591583359330776,0.3911318297756875
26500,53.0,0.30654582664080093,2.5726160147488466,-32739.90267944336,20891.23773345654,3.37600291135669,0.3458416100486156,0.15969308412359584,0.39580395401213875
26550,53.1,0.30741808537439314,2.5729412352302576,-32884.191650390625,20885.143156118225,3.3752675761285413,0.3458617398565132,0.15991636265469789,0.40329849149906305
26600,53.2,0.30796351137188277,2.5728695804871156,-32786.05197143555,21005.424374774564,3.37463544574658,0.34535489587242907,0.1602347327635262,0.40901053589772657
26650,53.3,0.3082191768942141,2.5725727282526325,-32752.75503540039,21108.322045845212,3.373308321790839,0.3452669623103909,0.15880135181486157,0.4146329819659265
26700,53.4,0.3079681043720085,2.5721146361796494,-33022.78695678711,21285.718166093342,3.372178672475169,0.3447781067881491,0.15732939342730443,0.4197967864719595
26750,53.5,0.3080025835742341,2.5719273914897984,-32740.72427368164,20999.19084129203,3.3714692356603835,0.3441174523837833,0.15624321381472656,0.4256888856514529
26800,53.6,0.30764856064338747,2.571449546111583,-32991.758728027344,21002.409941632766,3.370856252830131,0.3426687473841765,0.15599159352372824,0.430040217936442
26850,53.7,0.3083360209801273,2.5708351989615816,-32865.0309753418,20762.015762005,3.371104017176546,0.3424494329483269,0.1569677559444015,0.4347001016415673
26900,53.8,0.30838593450545165,2.570247386300208,-32585.298065185547,20614.538236555643,3.3713107812560943,0.3409346232988481,0.15824223098333212,0.4393460794486209
26950,53.9,0.3086704352294241,2.5697682132154993,-32905.85040283203,20815.28588398875,3.37174735185526,0.34022263239362444,0.15977974392558889,0.44169410837901957
27000,54.0,0.30939814042404656,2.569281421243671,-32644.629364013672,20976.034205288975,3.3728213752315495,0.34068764034068894,0.16002476156776138,0.44513030253697183
27050,54.1,0.3109067105114796,2.5690183312547306,-32982.84060668945,21218.493137060548,3.373327597576952,0.341249612650345,0.16208659804192474,0.4504109076094635
27100,54.2,0.3127110712209833,2.5692545742003476,-32852.1630859375,20865.240783933317,3.3734776571177907,0.3423394818960243,0.1647856149507069,0.45478933340169525
27150,54.3,0.31302032265425894,2.569833067964263,-32923.29977416992,20974.37746221572,3.3734380669659725,0.34253405769685397,0.1645568795522554,0.4594456224113215
27200,54.4,0.3134148193099408,2.570157648842787,-32917.55355834961,20667.94508865988,3.374291045517795,0.3426906590446205,0.1638027627363954,0.4641315839529154
27250,54.5,0.3141223432254875,2.5702944524718663,-32674.718292236328,20551.40152079123,3.3755623695495123,0.3432356883443516,0.16323329126419392,0.4682055043025224
27300,54.6,0.3143926416954739,2.570478194060036,-32916.9797668457,20799.507616512477,3.376297050899575,0.3424885072684821,0.16381037802829337,0.47236569590978533
27350,54.7,0.3148944503756737,2.5707597301072234,-32836.02084350586,20512.080062207766,3.376424144936012,0.34243645014683094,0.16473760346198835,0.4752260380621525
27400,54.8,0.3150661111291421,2.5712463864753103,-32668.46469116211,20386.770410648547,3.376419300657842,0.3424121590131884,0.1649729302148177,0.47547130389270875
27450,54.9,0.3149813921243085,2.5720996372405023,-32948.96939086914,20684.37443008949,3.3766827633683087,0.34265637354150413,0.16439679048208983,0.47419660416358583
27500,55.0,0.3150402249904087,2.5730235568115387,-32815.052001953125,20879.015608872054,3.377984767962264,0.3433056956452477,0.16302027569758998,0.47466134345078315
27550,55.1,0.3154382404001935,2.5736176266583772,-32698.86474609375,20660.85610359104,3.379023697617995,0.3444059086240185,0.16280994771537866,0.47410506858506896
27600,55.2,0.31566811967735026,2.574585731146788,-32944.5705871582,20795.10298457602,3.381447302424029,0.3448666937178392,0.16148706081643371,0.4737121422972455
27650,55.3,0.31680954497203956,2.5754923958254423,-32718.00277709961,20730.63663435029,3.38583564989257,0.3454046133588559,0.16095995112162306,0.4769158630567746
27700,55.4,0.3181183195980677,2.5765004953424913,-32865.566650390625,20853.709136778023,3.3902480506234998,0.3458374507405344,0.16219602396460256,0.4807340259492052
27750,55.5,0.3190700894287164,2.5770836990530386,-33154.3772277832,20985.903662890545,3.393264886152247,0.34538756367642265,0.16407374996553362,0.48277492736388
27800,55.6,0.3200354896833083,2.5777295606470045,-33006.72149658203,21007.546676709084,3.3960326493250617,0.34510797624126877,0.1655268097307113,0.4842468680301718
27850,55.7,0.3204498081762749,2.5785259434880565,-32863.9836730957,20804.449154029135,3.399789197643308,0.34377341461337063,0.1657459128560407,0.48663999589982804
27900,55.8,0.3209854577108527,2.580070950341571,-32802.88461303711,20507.41793670575,3.4029775203551904,0.34326129922299364,0.1658744081981879,0.4871267644124498
27950,55.9,0.3213663154689358,2.5818228657966262,-33160.06915283203,20890.450775504985,3.4067573818252557,0.34310754253635223,0.16578304101153418,0.4859466063295359
28000,56.0,0.3216105878958917,2.58293955206267,-32778.16931152344,20808.790988773108,3.4093355145565867,0.34358386257185447,0.16528221924496678,0.48283878944947084
28050,56.1,0.3220464916099758,2.5836686177767905,-33159.272552490234,21125.856530797668,3.4115885384485156,0.3436660103429704,0.1659395547679412,0.48123956017922115
28100,56.2,0.32191836123984036,2.583962627389736,-32740.940002441406,20683.82103451807,3.4132126529757802,0.34326085931578176,0.1659061159194289,0.47727442422089966
28150,56.3,0.321560845406343,2.583609570895706,-32640.19561767578,20658.278501714813,3.4153014312924443,0.3420791575031886,0.1655782183606251,0.47411704657826903
28200,56.4,0.32092401451051206,2.5829885324374557,-32827.7428894043,21146.131591303274,3.4165487367703515,0.34076042090155756,0.1654838549637317,0.4711612090452641
28250,56.5,0.3205115585687487,2.582148754214302,-32616.936614990234,20851.898534924723,3.4174886868983667,0.3397855145929827,0.16500279492706768,0.4692845162751409
28300,56.6,0.320115636522428,2.5812533022737796,-32757.048248291016,20928.902355431346,3.417004943368197,0.3391790416625678,0.164235436732359,0.467534762972493
28350,56.7,0.3198610124364499,2.580814897449652,-32837.241607666016,21035.21478883992,3.4153824797751255,0.3390073632163747,0.16368316417111065,0.4648865433771114
28400,56.8,0.31955874591366246,2.581180135218615,-32795.176666259766,20927.703335391358,3.4149076647107135,0.33869323242486926,0.1627231973176102,0.46173789316691727
28450,56.9,0.3188821718353761,2.5815865689382016,-32728.473388671875,20822.877653986157,3.4149804789818234,0.3376621022235869,0.16163381731463727,0.45974285645932367
28500,57.0,0.31844498971186,2.5817421904159965,-32874.974060058594,21003.45480356738,3.4145447681309777,0.33702242232793644,0.1610882358234821,0.45860181839420855
28550,57.1,0.31831935252552435,2.58185815733417,-32978.15673828125,21131.577070881496,3.414595232775413,0.336384963852537,0.16076949232735904,0.4594443493715129
28600,57.2,0.3184416864798176,2.582477233548075,-32915.601165771484,21036.807060268708,3.415365268989859,0.3364252644910801,0.15945564590861636,0.4594183369328992
28650,57.3,0.31908001866559094,2.582953587334209,-32615.604278564453,20550.718350366573,3.4151686259468725,0.3361815345271224,0.160058546017001,0.4607051985124086
28700,57.4,0.3191061812163087,2.583386876833686,-32700.216522216797,20805.28383956151,3.4139258434180073,0.33542910407035437,0.16113323769314408,0.46103330331940723
28750,57.5,0.31910486391126563,2.5836588470694424,-32727.703186035156,20804.12856718502,3.4140925664988533,0.33460346799504365,0.16140108369558107,0.46077594406662964
28800,57.6,0.3186494498258354,2.5837859484250827,-32628.024291992188,20747.55083508347,3.413360741381671,0.33338365066431386,0.16102034476701904,0.46154648144129334
28850,57.7,0.3185102230145521,2.5839011517202515,-32829.216888427734,20924.326017643412,3.412232920990056,0.3324164554735086,0.16203796611960206,0.4627543939662005
28900,57.8,0.3188579770410763,2.5839411044730065,-32660.75180053711,20869.562210818054,3.4117076668322195,0.3324322138307083,0.16175581726084126,0.4647983665576954
28950,57.9,0.31979904366181416,2.5843783245722634,-32647.119201660156,20975.46208366868,3.4115651856073375,0.3327737410425086,0.1630051892532193,0.4668087578332392
29000,58.0,0.3194944798855128,2.584355928079139,-32670.101470947266,21022.466605341062,3.409803836755861,0.33178535531084313,0.1634795040614258,0.46820029326297324
29050,58.1,0.3194202458867492,2.584886288517742,-32416.52963256836,21031.06791937817,3.409157789248702,0.33135168969339296,0.1632787645354931,0.4684944302992566
29100,58.2,0.319374050271176,2.5854515447794073,-32702.612182617188,21090.09396452224,3.40869931655198,0.331119784208943,0.16344302871095026,0.4668585403314642
29150,58.3,0.31923040262144414,2.5863439672461683,-32216.554565429688,20983.038198113005,3.408484975726836,0.3309689781616048,0.16374585691290414,0.46517890496443587
29200,58.4,0.31902494452053315,2.5871589019958297,-32391.180694580078,20979.942349439487,3.407998229821164,0.33111478801429844,0.1630632314005007,0.4636935898407243
29250,58.5,0.3183932358558134,2.588064937443508,-32765.123046875,21351.41746399668,3.407707927683883,0.33020182537841414,0.16241800028038644,0.46020809483834135
29300,58.6,0.3187387661681199,2.5888010435297484,-32799.007232666016,21249.061457007658,3.407954676201841,0.32978888908042636,0.16331767435176417,0.46030710767600025
29350,58.7,0.3199983364047581,2.589381885867479,-32749.763244628906,21202.386990239378,3.409163253570826,0.33049137423343833,0.16452365429306612,0.46047495283562573
29400,58.8,0.32093864191700877,2.589529034361229,-32619.677490234375,21289.13724391535,3.410678363805358,0.3304158217775451,0.16668452527220165,0.4611557495286118
29450,58.9,0.32124776991722065,2.5895346634727905,-32453.554473876953,21089.74654599419,3.411722007462397,0.3302297009407713,0.16796697185157108,0.4620349809078003
29500,59.0,0.32090782701428,2.589138693836582,-32599.224884033203,21036.683525209897,3.41159465820228,0.3293134078231353,0.16808706274570878,0.4631926391536534
29550,59.1,0.3209801503720527,2.588784992946398,-32792.10339355469,21169.655920455,3.4119283563764724,0.3284996150437777,0.16945540815393084,0.46319544209822466
29600,59.2,0.3211096844630286,2.5885962607085173,-32550.01885986328,21046.92282438185,3.413448064995832,0.32785164479988094,0.17064366517602197,0.4631926114020057
29650,59.3,0.32166222439596986,2.5881915001663143,-32502.342987060547,20920.860462588258,3.4151435454391197,0.328304169121251,0.17120600337505157,0.4630878418327521
29700,59.4,0.3227698224528323,2.5883463093383137,-32671.321685791016,20962.983129229397,3.4178335677856744,0.3294542803476407,0.17198380086668974,0.46267410609027415
29750,59.5,0.3231731491971361,2.5881658886845424,-32578.691986083984,20961.757573265582,3.4189810594735923,0.32989999132740117,0.1724896235484812,0.4613136068515693
29800,59.6,0.3220392746134463,2.5879192121238437,-32480.865936279297,20828.792958630016,3.4195730299220273,0.3284235199753625,0.17220872754222277,0.45883179986185535
29850,59.7,0.3212699863555957,2.5878825919656383,-32441.968994140625,20720.11205895571,3.421030774189486,0.32747687417707877,0.17162105737173142,0.45592731972829265
29900,59.8,0.32051421792134444,2.588362631843334,-32677.279998779297,21181.479941922473,3.421726242727066,0.3264178086467841,0.17102457271779684,0.45425084116885783
29950,59.9,0.3199516552768086,2.5888443670496804,-32458.751678466797,20890.98747761268,3.4225067564072775,0.3260639514070474,0.1697520845591618,0.45240606547727347
30000,60.0,0.31941177295571693,2.5889519155992384,-32589.041107177734,20777.029293740285,3.4229953940867,0.32595936263642944,0.1688780420715447,0.4499803534539135
30050,60.1,0.31965445938290193,2.589634616093994,-32590.668060302734,20742.0934849364,3.42470522712603,0.3262788286117019,0.16905616145547378,0.44904323466916624
30100,60.2,0.32052761908770844,2.590203972965749,-32647.77310180664,20838.492734652944,3.4264351845161025,0.32749860546380966,0.16940195753793932,0.4493757336937154
30150,60.3,0.3203051050969913,2.591138625004326,-32548.982025146484,20962.251156960614,3.4275901728233715,0.32788904151208503,0.1680936300231496,0.44758621580736335
30200,60.4,0.31983352965889056,2.591711591283875,-32556.233917236328,20902.689848634414,3.4279538645645906,0.32733818807823944,0.166869612214826,0.44681635218965293
30250,60.5,0.31933717297714764,2.5918285422763616,-32719.05892944336,21002.004054640885,3.4270896297056836,0.32711742133805044,0.16644489264219992,0.4443689955270181
30300,60.6,0.31966678363717516,2.5921883847153326,-33007.96585083008,21250.493959633633,3.4273676787464824,0.32734411522002665,0.16709163765265492,0.44372596231176026
30350,60.7,0.3195838006030433,2.592793328669892,-32739.43280029297,21022.874241991434,3.4279064660464145,0.3269024209784288,0.16739770334290266,0.44370825567220323
30400,60.8,0.31934130238578856,2.5933747584762834,-32707.94366455078,20796.92990794778,3.427641704067026,0.326963881127733,0.16692009321271042,0.4429825172660547
30450,60.9,0.3199226542591693,2.593537471619355,-32826.1071472168,20869.053236708976,3.426666634421293,0.32882621027548203,0.16694706980890692,0.4412164056215851
30500,61.0,0.32031347248713515,2.593628382598311,-32780.275634765625,20786.4392502252,3.427082237674626,0.32988977041125167,0.1668430063759388,0.43962861061969855
30550,61.1,0.3199517678552797,2.5939518636269066,-32944.00866699219,20780.52967912401,3.4269118073183598,0.3304233628332844,0.165991435613916,0.4369847337908825
30600,61.2,0.3191504017980819,2.594160268446426,-32732.367889404297,20652.106306516565,3.4262575473937003,0.33023354095241136,0.16492801015376818,0.43532942447405854
30650,61.3,0.318068602519595,2.5934570700176423,-32770.935974121094,20764.59743085224,3.4244193842658412,0.33005912365661505,0.16456861067185327,0.4327982288240567
30700,61.4,0.3171176129976468,2.5929074036669486,-33002.68273925781,21073.402793511515,3.422422943632527,0.330066503917133,0.16413222552404885,0.43111376596483436
30750,61.5,0.3173392763510984,2.5932922206987663,-32795.89733886719,21049.553231981117,3.4212395859454747,0.3312291859841509,0.1648168853588177,0.4300630669091347
30800,61.6,0.31781253973803797,2.5941741368390407,-32760.82940673828,20943.393750819843,3.42132622150951,0.33217245212921936,0.16563130531862505,0.43078111679951897
30850,61.7,0.31819387318646364,2.595192321724054,-32734.633026123047,20866.190097525716,3.4221317868638073,0.33229153128468025,0.16649436547009294,0.43220792008556075
30900,61.8,0.31899282809465956,2.5958392009918576,-33015.84390258789,20994.67071023304,3.4223263262188617,0.3327252282196572,0.16760085949916015,0.4351546319049891
30950,61.9,0.32006580477203034,2.596557632384335,-32654.606414794922,20729.703202623874,3.422629841894815,0.3340836962756716,0.1686170304106238,0.4366396037291482
31000,62.0,0.3212063117237287,2.597522791080483,-32742.86148071289,20985.21223442268,3.4231149299989205,0.33529987284495655,0.16976871421400666,0.4400605862769184
31050,62.1,0.32151254231108256,2.5985576652565174,-32452.05307006836,20747.917970306706,3.4227531231896284,0.3356892024836476,0.16973785619129908,0.44238665121403375
31100,62.2,0.32184511269375354,2.5987451540017212,-32333.29071044922,20961.813151686452,3.423150494467953,0.3362266443764102,0.16912984955358895,0.4447213437141517
31150,62.3,0.3228660094818189,2.5989648655914688,-32637.7802734375,20955.320187024772,3.4226804518470564,0.3374808542940205,0.1689385947180852,0.4488082161866067
31200,62.4,0.32374781872418557,2.5992395711323435,-32561.615692138672,21027.411028459668,3.4222003695083565,0.3391245837431184,0.16749247343738455,0.4518734051196516
31250,62.5,0.3250300010304969,2.5996597881181156,-32626.98403930664,20999.829326473176,3.421217727796887,0.3415187708607085,0.166923707931443,0.4548397798702059
31300,62.6,0.3267890408632882,2.599768928083425,-32520.478088378906,21056.118404871784,3.422077585178658,0.342878630968065,0.1670541836348501,0.4603044650377835
31350,62.7,0.32700161211863943,2.5992113170305244,-32718.366607666016,21034.446401413064,3.4216200457599997,0.3422412398285905,0.1673589067930363,0.46137917254121985
31400,62.8,0.3269279397373862,2.598789448189108,-32262.78399658203,20696.9736060258,3.4210840024114435,0.3413784332910636,0.16718833617245732,0.462115397167893
31450,62.9,0.32710156757695674,2.598395670840639,-32705.826232910156,20907.731718737166,3.421300231817588,0.3412854475037316,0.16624958143451735,0.46328259963009966
31500,63.0,0.32671418472624525,2.5981285243388417,-32685.791900634766,20907.404394420795,3.420249206617852,0.3410157371372522,0.16431075808262305,0.46201408246036213
31550,63.1,0.32657414658417455,2.597389580802092,-32641.280853271484,20653.63866418245,3.4190202904851765,0.3410074659500411,0.16273965222204054,0.46165660465559794
31600,63.2,0.32616969507537324,2.5965099137257,-32572.203643798828,20599.10332849482,3.4178880045852402,0.34043662673862635,0.16132553038005765,0.46203671393933626
31650,63.3,0.3262568521181443,2.595742939572104,-32746.820556640625,21002.232033535955,3.417191684620796,0.33960027692562345,0.1606545974501078,0.46620704356539877
31700,63.4,0.3262064763781142,2.5949015300621023,-32761.9560546875,20927.33533038455,3.417008506870713,0.33885404509641726,0.15989585144551177,0.4702608566832089
31750,63.5,0.32574101509607356,2.5944475570897216,-32801.234436035156,21007.530202237074,3.415523864635249,0.33772100189165805,0.15951830481816304,0.473087176607397
31800,63.6,0.3252351340110952,2.594297465438379,-32876.12219238281,21173.05885539844,3.4145562436573167,0.33657552114112216,0.1595958624654934,0.4748807207264946
31850,63.7,0.3250205368237725,2.594066631823194,-32584.50634765625,21006.952060313895,3.4137100975173786,0.33581251396912676,0.16025370385500354,0.475966758001612
31900,63.8,0.3244751129230732,2.5939288239420915,-32681.071838378906,21238.742102004937,3.4124494687031537,0.3340034069809863,0.16154962783632054,0.4779990808394495
31950,63.9,0.3245387572712606,2.5938894398706056,-32407.52508544922,21203.775276008993,3.412703609775544,0.3325710186229362,0.1628816221243676,0.4813655287029234
32000,64.0,0.3243371243769989,2.594030563141404,-32410.596740722656,21084.64903130848,3.413799433950156,0.33106412559753673,0.16353391102776668,0.48296243872271943
32050,64.1,0.323878285905649,2.5941428865335285,-32504.642700195312,21023.743182109203,3.414504846861015,0.3299458005317646,0.16320551368283345,0.482652947013722
32100,64.2,0.3235005550571372,2.594367832415601,-32539.684356689453,20918.9148493181,3.4152827666702485,0.32936959813933125,0.163103673420406,0.4808775885200633
32150,64.3,0.32372020594578854,2.595011672224769,-32824.94592285156,21132.433703159448,3.415993156818256,0.32973539592709317,0.16327042563197589,0.48073011260797854
32200,64.4,0.3237354647693218,2.595377077343686,-32953.0246887207,21022.083262068336,3.4171596893512675,0.32896681224743446,0.16381268624238696,0.48223337176639935
32250,64.5,0.3236234582448105,2.5955886798328907,-32765.001586914062,20858.230179627426,3.4181407638856838,0.3279403435361741,0.16471117953662373,0.48337828494675844
32300,64.6,0.3242348216790328,2.5952348574689657,-32317.089630126953,20686.059794372413,3.418414376173101,0.3287353159083089,0.1652646273903084,0.48495040710516024
32350,64.7,0.32450600472872826,2.5947958047360444,-32756.320770263672,20853.60479128547,3.4195918080998267,0.32825488727478014,0.16573946317662255,0.4883250049950249
32400,64.8,0.32431286959866945,2.5943386701258744,-32859.251373291016,20895.483214984182,3.4214554255754774,0.3267833896451357,0.16564969101013605,0.49138642280277167
32450,64.9,0.32488316445750065,2.5942345154094832,-32836.6643371582,20833.819910132326,3.423953537518583,0.326446217261953,0.16688578918740696,0.49292594985402755
32500,65.0,0.3250474538674612,2.593924692161204,-32752.90106201172,20746.194360905094,3.424824156894296,0.32584686135936,0.1677220909370646,0.49510698090694294
32550,65.1,0.3248499035170797,2.593664700717769,-32430.908416748047,20241.804193926044,3.4249335185385363,0.32450285060421263,0.16874253542043618,0.4982467859079716
32600,65.2,0.3243716622956487,2.5934671787754184,-33242.90707397461,20983.99757661624,3.4256211988985474,0.3229623716379738,0.1680408876709607,0.5034754865585347
32650,65.3,0.3242511520923105,2.5927233781976047,-33049.76806640625,20620.15474361647,3.4256291027532177,0.32249090448061973,0.1679049504395659,0.5077539643528856
32700,65.4,0.3245156332022329,2.5921246166875687,-32927.13900756836,20834.176442088094,3.4257448664280123,0.3222673023165583,0.16889197595220615,0.5116851362651645
32750,65.5,0.3246771169979049,2.5912727679509744,-32911.866149902344,20947.981027201633,3.4243426641569195,0.32242324785562393,0.16998823276798566,0.514540472826212
32800,65.6,0.3242562959826993,2.5899192010733523,-32599.97216796875,20570.422401626594,3.4221404390371917,0.32263647410522683,0.17000480224205675,0.5157182575475628
32850,65.7,0.32362435744777013,2.588448382913535,-32902.414459228516,20888.397957367357,3.42013142877982,0.32201114125661556,0.1694602962309959,0.517019962917248
32900,65.8,0.32378565517779107,2.5873865123977353,-32761.45880126953,20793.17997645284,3.4183059898883394,0.3221852131862911,0.17021326175597382,0.5186221095209939
32950,65.9,0.3231939972690727,2.586032971045201,-33056.46176147461,21041.396508927923,3.4145704646151325,0.321886271324992,0.16977432978904622,0.5199014595023712
33000,66.0,0.32336875588731284,2.584665046338907,-32783.74954223633,20424.94446243602,3.411564431265124,0.3224054812828267,0.1696442729010727,0.5228333105540239
33050,66.1,0.32398265989072134,2.5839753301120685,-33091.30206298828,20661.568265811075,3.4091081960569585,0.3235196604900359,0.16983224352521328,0.5250750761727143
33100,66.2,0.3244601001232447,2.5835479926241294,-33064.049560546875,20610.987322656438,3.4072970209659035,0.32364060944195927,0.1715128252187568,0.5279036128324761
33150,66.3,0.3246400366107957,2.583159678342664,-33033.53219604492,20771.281671521254,3.4052826706599033,0.3242551822021478,0.17179299695079633,0.5288737571356877
33200,66.4,0.3249340357911971,2.582698270673377,-32856.885192871094,20666.952733328566,3.4037880638757216,0.32521318453558723,0.17167539619263844,0.5312318515134495
33250,66.5,0.32544772908097697,2.5825950115949547,-32912.591369628906,20611.32781450171,3.403345157813673,0.3263759353596409,0.1710963761432371,0.5348292046400757
33300,66.6,0.3251909212774156,2.582093037246019,-32966.55108642578,20859.670394219458,3.403342229648046,0.3251272807853531,0.17162380157856383,0.5391331007907739
33350,66.7,0.3252155583388402,2.5815668484125287,-33216.56130981445,21176.05048015283,3.4032023442528567,0.3244714330068787,0.1712720392976018,0.5447080208150795
33400,66.8,0.32562285054328577,2.58106082702544,-32911.47830200195,20779.903087524697,3.4030564541157147,0.32458923903589754,0.17148054396452508,0.5493792293338302
33450,66.9,0.3252983354683973,2.5811504820918265,-32932.62710571289,20868.068289277493,3.4032310170930486,0.32387573399537734,0.17088244019541618,0.5526777083959475
33500,67.0,0.3251670141559861,2.5820108953835215,-32498.78305053711,20615.590242362698,3.4036348361876176,0.32328569064012624,0.17102330951819852,0.5539829793561745
33550,67.1,0.32552386079085677,2.5829380627506957,-32987.38604736328,21017.754810314626,3.404403274165642,0.3236527193921164,0.17041530912583655,0.5567964480545556
33600,67.2,0.32606699001796263,2.5837334148912405,-32995.707916259766,20830.94117717771,3.4054197861971813,0.3239110415559415,0.16985626934158057,0.5592760893882709
33650,67.3,0.32572678932655763,2.5845388704661993,-32880.67987060547,20901.33925693645,3.406771375851206,0.32257637401639294,0.16942738797612897,0.5603782915972871
33700,67.4,0.32539173484051004,2.585310319968882,-32802.92593383789,20929.04472245369,3.4078764752644624,0.3212467465157164,0.16864891705791238,0.5609883748647098
33750,67.5,0.3242218691775494,2.5858793174220915,-32894.586669921875,20725.340807401575,3.4078826839234955,0.31918617631504625,0.16820259853517816,0.5586260070709232
33800,67.6,0.3237405625957237,2.586631861381914,-32725.06134033203,20579.193743624724,3.407250899991,0.3178983401195092,0.16905500573116625,0.5558684801013172
33850,67.7,0.32388140289193995,2.5872653963533376,-32970.45129394531,20683.298670673743,3.407507596097977,0.3171866380340733,0.170038533763322,0.5550129098391894
33900,67.8,0.3230921597897729,2.587904244073067,-32911.78155517578,21006.20493067149,3.4071659716520526,0.31579725895286886,0.17026368701244923,0.5523873427236565
33950,67.9,0.3233358696375612,2.5885252835064323,-32944.6171875,20814.55931734183,3.4071401462739592,0.31561674317704974,0.17078332072418076,0.5514054698672884
34000,68.0,0.3229036015904978,2.589279605561559,-33148.8786315918,20918.829822110943,3.4089159936746953,0.3155099566363507,0.16985159747733067,0.547804701984389
34050,68.1,0.3229163590698303,2.5904084899991133,-32642.958770751953,20374.654853058048,3.410950186734349,0.3151296765433402,0.1708035193065311,0.5443731459455649
34100,68.2,0.32353586286231506,2.591900311142644,-32634.39910888672,20692.405657022493,3.413763081905055,0.31518194676731026,0.1710696629026393,0.5435016639618062
34150,68.3,0.32389984244875797,2.5929218938670395,-32920.785552978516,20978.10354936379,3.4159519507316496,0.31502891842599323,0.17055955834735273,0.544315495174807
34200,68.4,0.3237989339528686,2.593619188592994,-33098.15530395508,21006.30833190633,3.417189114649795,0.3144049879603162,0.16998372534323658,0.5448671672369342
34250,68.5,0.32349092861279943,2.5940738973044475,-32730.89483642578,20645.10412705131,3.4184264972094573,0.3134257531960538,0.16946709767372203,0.5457531218089076
34300,68.6,0.3235547997968141,2.5943709299121114,-33175.23110961914,20859.045235356316,3.4192057660001756,0.31416469262491437,0.1678750554860784,0.544963369712945
34350,68.7,0.3235909790481293,2.595104002979005,-32756.953002929688,20444.882065802114,3.4195248602195876,0.31490572845841774,0.16686676870106554,0.5422093283973537
34400,68.8,0.3235613803634392,2.596011446328525,-32800.65103149414,20487.982332699932,3.4192970263520164,0.3152574354199505,0.16619830645178907,0.5410022936217076
34450,68.9,0.3239638330403207,2.597342314454825,-32814.110290527344,20606.543057014234,3.419912502920617,0.3157265053344077,0.16524899694576986,0.5440847636112471
34500,69.0,0.32419283250636843,2.598372241820691,-32907.249450683594,20777.345315894578,3.421183682291468,0.31595439515261975,0.16452623512480954,0.5462182183318196
34550,69.1,0.32441265694689797,2.598784584753168,-32983.01043701172,20822.747123283916,3.4211045693224675,0.31634748833155857,0.16396753430369113,0.5474616968190371
34600,69.2,0.3249959505786355,2.598728011452325,-32921.35708618164,20678.712195354747,3.4220559156332557,0.31698604903947064,0.16380621384429664,0.5486883933808393
34650,69.3,0.32563651978284436,2.598526165443744,-33028.19982910156,20598.75110681355,3.4234208637052217,0.31753110673600116,0.16398078705088384,0.5506724966207284
34700,69.4,0.3266791478987469,2.5982885703669507,-32958.004791259766,20245.318957639392,3.424265949057573,0.31814320893316084,0.1640656330371762,0.5526632552726407
34750,69.5,0.32746790256152747,2.5988009675306447,-32897.057067871094,20612.02657935198,3.424957379480318,0.3179984404930902,0.16497971711351422,0.5548345481227276
34800,69.6,0.3287677975301019,2.599325542114657,-32905.93280029297,20759.444917673245,3.425783733054494,0.31889866798643723,0.16535927324632496,0.5565942066053982
34850,69.7,0.33039538957579584,2.599485047027379,-33033.19598388672,20930.614770706743,3.427170214231983,0.32024374394351157,0.1658937567215817,0.5591419435417861
34900,69.8,0.33222660670276455,2.5993118522328094,-32711.638641357422,20729.037563944235,3.4291569384343727,0.3216620821954771,0.1656315810955619,0.5612345533064241
34950,69.9,0.33436380355049455,2.599665159343758,-32730.96221923828,20912.73519976996,3.4316194725675353,0.3234461153481487,0.16704174248282921,0.5623598448345828
35000,70.0,0.3360084071924554,2.6002520953799966,-32865.401123046875,20989.75427828543,3.4329435092824876,0.32440340521412453,0.16944134970723515,0.5621936976143296
35050,70.1,0.33707535553083584,2.600377529296235,-32407.73471069336,20953.203905313276,3.4343763197566233,0.3253838002893996,0.1704837697180951,0.5604817276395643
35100,70.2,0.33853014591980735,2.6003483448923688,-32723.43246459961,20907.375876678154,3.4356407814306653,0.32658131833110726,0.1718744251773086,0.5609032164926838
35150,70.3,0.33918609499999036,2.600615154415298,-32573.91876220703,20810.214506488293,3.4384557523861075,0.3261347513816205,0.1720021817897862,0.5628534515355607
35200,70.4,0.3390055522042707,2.6009510236305275,-32735.081420898438,21164.49644205277,3.44047846221409,0.3253441348372104,0.17185512874906864,0.5619534050093439
35250,70.5,0.3392128108763967,2.60111851155499,-32449.63638305664,20842.86643637158,3.4420703426946173,0.32552078104473026,0.171599238917571,0.5610223792804138
35300,70.6,0.33897637386943696,2.6010678241209715,-32910.77883911133,20984.56095357053,3.443118694662293,0.32495873372070194,0.1709966153415784,0.5602500658567485
35350,70.7,0.3377721808599672,2.6011282075178053,-32753.072357177734,20981.736571898684,3.442901836373889,0.32373211936539437,0.16957048719205045,0.5586453418537344
35400,70.8,0.3366337504566267,2.6010349690182504,-32830.65060424805,20953.449228747748,3.442322909886859,0.3224858600401346,0.16915826677952606,0.5574375878762631
35450,70.9,0.33544336835696276,2.6007885646415034,-32737.67318725586,20945.24023845885,3.441229023992976,0.3216932926799876,0.1687790331813205,0.5548473601372272
35500,71.0,0.3344949044052962,2.600578993410758,-32396.948852539062,20551.505969808903,3.4411140677042464,0.32125964492233866,0.1677335429346687,0.5518804820626514
35550,71.1,0.3335836989264697,2.600233040600264,-32692.925079345703,20914.20868200017,3.441127293855537,0.3209528701226087,0.16594811512024554,0.5480844099812101
35600,71.2,0.33251549849789264,2.5999692834971735,-32415.890380859375,20530.861950073857,3.440540211106163,0.3209845625622354,0.1643230369956068,0.5446127270689503
35650,71.3,0.33196677959932774,2.5994705337522217,-32686.230010986328,20923.113600258715,3.4403171677908064,0.3211418291078312,0.16329089405647407,0.5430165642598678
35700,71.4,0.3312037410479333,2.5990655837892636,-33018.33508300781,21215.03067189781,3.4396810497532533,0.3214658260418411,0.16221023964821477,0.5394818296087576
35750,71.5,0.330491461569692,2.598952682035542,-32940.11297607422,21245.01283149328,3.4381411357093707,0.3220521143103881,0.16091143150213028,0.5363465487392016
35800,71.6,0.3301341941872103,2.5987121101089916,-32701.436492919922,20743.376638672664,3.4369887875409106,0.32261942093297724,0.15898469634795134,0.5365391772868916
35850,71.7,0.3299752619613546,2.5984461439296567,-32391.945739746094,20679.727912641596,3.43699759985407,0.3225113268558628,0.15789503157100207,0.5380028012800352
35900,71.8,0.3299907968373012,2.5980207032515796,-32931.91638183594,21192.107511471724,3.4361407571615006,0.322795973595725,0.15765175112460403,0.5382209953670738
35950,71.9,0.3301935377984075,2.597443313302962,-32436.47216796875,20639.439568207366,3.435944450190533,0.322443708472382,0.1591107010868941,0.538855184253244
36000,72.0,0.3307953332875434,2.5974528154910677,-32748.469024658203,20968.50023616734,3.438340282734597,0.321159470090026,0.16041145207804072,0.5416669577846376
36050,72.1,0.33239240087529787,2.598351005056774,-32402.689697265625,20695.321389950113,3.4400643874127232,0.32237940408989696,0.16177640935695137,0.5440326512767014
36100,72.2,0.3334018427762436,2.5989816946135553,-32492.46807861328,20861.39404719975,3.440479141721366,0.3229696941637746,0.16281843004855676,0.5450025327530545
36150,72.3,0.3339516357738385,2.5994194699585544,-32775.16571044922,20962.67710425309,3.4409410851422644,0.3231281016055671,0.16339240510957878,0.5451079484933724
36200,72.4,0.33430144914713267,2.5996366532720696,-32513.243255615234,20769.707225853577,3.4395124584223957,0.32364286797703307,0.16466790149883084,0.5444864051774072
36250,72.5,0.33443449804592806,2.5991040797266862,-32750.04067993164,20875.542311892845,3.438476640529209,0.3234482079956839,0.1659964209580993,0.5449222921054074
36300,72.6,0.33451032374630074,2.598759129826977,-32749.563507080078,20947.087454171386,3.4382753359375453,0.3235386701894604,0.16618568971921635,0.5441508030193732
36350,72.7,0.33452406220174796,2.5986640422481435,-32877.836822509766,21415.12959316629,3.4372938696047437,0.32363121365260045,0.1672388834897834,0.5440939767889309
36400,72.8,0.3347444622446374,2.5982100560378503,-32755.169647216797,20994.606747561134,3.4357227106326675,0.32457240849962926,0.16828360406649312,0.5429957769271466
36450,72.9,0.33443346269763874,2.597918561178837,-32731.259765625,21016.159247631673,3.4345737212016765,0.32485402845255945,0.1688305410528899,0.5416792194973702
36500,73.0,0.3340761614460214,2.59726163950701,-32921.33187866211,21066.35155220749,3.4325647859541526,0.3260487484923445,0.16799156396700984,0.5396170662936587
36550,73.1,0.3343945145247734,2.5970543195109688,-32703.675323486328,20786.45294225635,3.4306488807749114,0.32744209660781104,0.16767087377559492,0.538733730006118
36600,73.2,0.3348536435976304,2.596835859328422,-32564.410583496094,20374.226829842664,3.4293197875389727,0.32887377604750445,0.16835631079786387,0.5386977440591615
36650,73.3,0.33524376489984264,2.596866353551414,-32705.75210571289,20923.332318157307,3.428993254794679,0.3298368554210185,0.16921823488907475,0.5389759004212877
36700,73.4,0.33554595798947606,2.5965095933138866,-32502.64453125,20650.10167570808,3.428961526766678,0.3306204486864726,0.16943775814121492,0.5403755828146525
36750,73.5,0.33554336157052944,2.596312582642115,-32442.989807128906,20792.395161171444,3.429710497661488,0.330892137040769,0.16927685359470301,0.5402808070662074
36800,73.6,0.33558344878835844,2.5954777254179264,-32257.574157714844,20538.561768956424,3.429236720398148,0.33179180383259355,0.1687266594145912,0.5408994822551577
36850,73.7,0.3354401720927361,2.59471777668934,-32661.898040771484,20887.149799458683,3.4275396383630334,0.33245154118818787,0.16893140482587926,0.5421521027190042
36900,73.8,0.33442751135725235,2.594022769336782,-32498.694885253906,20804.152595755644,3.4261112903923334,0.33168233758891175,0.16797958245116762,0.5417759744778857
36950,73.9,0.3339021579686035,2.5942643354164145,-32698.73257446289,21008.6793040256,3.4254254104090887,0.3314501112857609,0.1670680201523038,0.5424683785563287
37000,74.0,0.3336869232995675,2.5938947944337114,-32586.326568603516,21038.587687764724,3.424390430552532,0.3307844108419609,0.16770362285566934,0.5434334512140135
37050,74.1,0.3329267583640326,2.5928671614809398,-32597.250885009766,20806.578406174667,3.4234271601472805,0.32974066909550726,0.16711866257901606,0.5450636448605906
37100,74.2,0.3322711488387812,2.5915801604793565,-32880.058166503906,21130.113671224564,3.4226739871064518,0.32856239633291157,0.1670386748031931,0.5455298927271135
37150,74.3,0.331337579079336,2.589629041632921,-32608.96942138672,20983.459904298652,3.420364185124399,0.32816130533751176,0.16652351212927505,0.5447040532115887
37200,74.4,0.3310936564622069,2.5879316988689722,-32762.511260986328,21164.078553811647,3.4179792446367454,0.32786577812712075,0.16718426342754722,0.5473383629012495
37250,74.5,0.33042576617443364,2.5863079810094627,-32805.84912109375,21242.587457650807,3.4154535901147796,0.3271798801683582,0.16738582480689787,0.5481686903792592
37300,74.6,0.32986044385785607,2.585001464593291,-32560.651977539062,20970.44714597892,3.4127920569736885,0.3270800409551522,0.16716749246503831,0.5492916734563916
37350,74.7,0.33021220083861685,2.584031126452944,-32907.83477783203,21001.134170763195,3.411633144622976,0.32818537766108946,0.16785488377009594,0.5509915660991546
37400,74.8,0.3309752087838264,2.583411941433663,-32643.893981933594,20966.371726623736,3.412323825443396,0.3283760432305917,0.16900584402631458,0.5565220416846159
37450,74.9,0.33076165446749034,2.5824787188230807,-32888.791900634766,21234.9674774725,3.412500521568846,0.32747571914371404,0.16943359219313672,0.5617046849153237
37500,75.0,0.3302624180271354,2.5813211959687643,-32655.708862304688,21084.530009282287,3.4120627950227846,0.3268828072484913,0.16979038671409893,0.5638082448476598
37550,75.1,0.3296176440349191,2.580413852305532,-32820.87512207031,21105.43149854848,3.4105699576653965,0.3262124753987429,0.1700944173789138,0.5656128661544032
37600,75.2,0.3301102050503752,2.5796478251038444,-32517.16961669922,20615.73496404616,3.409262751299176,0.32636064568318995,0.1717883885751719,0.5707370275055208
37650,75.3,0.3303831227867062,2.5787740263241306,-32566.35711669922,20718.722362431465,3.407937578667065,0.3265191885406431,0.17249512810266146,0.5748877348762882
37700,75.4,0.33081722648102146,2.5781448380965855,-32519.701049804688,20951.810201549437,3.4065824685841646,0.32709947683856694,0.1730704296242558,0.5778153999407403
37750,75.5,0.3304486803722453,2.5776630794869875,-32614.59307861328,20934.76508017938,3.4054575524584685,0.32643494866190825,0.17360244162978664,0.5781194941721204
37800,75.6,0.3301784535735345,2.5772673308882603,-32647.106323242188,20946.278217088897,3.4028737753676364,0.32640509627494935,0.17380140389977264,0.5772171587668694
37850,75.7,0.33011574242117764,2.576738160040052,-32548.588409423828,21074.16756272316,3.4020239699348545,0.3268446239711065,0.1737125134079752,0.5752525625403521
37900,75.8,0.33087320497041567,2.5764688565106475,-32717.300689697266,21194.586461943807,3.400946190657545,0.3282119148318505,0.17459082782564678,0.5732291703049046
37950,75.9,0.33176005692927635,2.5762620325724894,-32833.13864135742,21164.93788877316,3.3999337705162627,0.32962405008285606,0.17568255247810177,0.5734240712171501
38000,76.0,0.33204505180510085,2.576116492688291,-32531.5380859375,20882.52487251046,3.3998590534575523,0.3300210902536353,0.1769420997083776,0.5740946650026237
38050,76.1,0.3323131869107838,2.5756955320059225,-32557.04705810547,21062.850914098788,3.399116534911687,0.32985423180226725,0.1784044219488516,0.5757888298095913
38100,76.2,0.33266002916702614,2.5752783950828015,-32407.51513671875,20951.668792127923,3.3988801681340384,0.3303529343154553,0.179613924544653,0.5766677980568045
38150,76.3,0.3330759064887364,2.5750737015879412,-32280.338165283203,21061.039607450482,3.4003658418685414,0.33140645594803714,0.17909347619271107,0.5794413577267914
38200,76.4,0.3337219500473926,2.5749501826777856,-32280.734008789062,20962.225066972664,3.40156593113983,0.3327260698873406,0.17825887291689996,0.5814600988056869
38250,76.5,0.3344083431584683,2.574916187179312,-32259.92608642578,20934.94644467777,3.4032937390387965,0.3331561271479057,0.17871212394569042,0.5849493127515343
38300,76.6,0.33465986178095375,2.5747773662129485,-32601.434844970703,21217.000463745557,3.4055070941906007,0.33380771843725876,0.1781425416911238,0.5853103661515591
38350,76.7,0.33541370415610533,2.574905835471404,-32484.754516601562,21215.65143589489,3.407865579148939,0.3348764087758731,0.17870925804714374,0.586347442202105
38400,76.8,0.33628476288284875,2.5760499024498547,-32583.51333618164,21140.16022672766,3.4106713623346545,0.33535209293450224,0.17833527507824334,0.5887407858763638
38450,76.9,0.3378003781680198,2.5773857506309263,-32633.227111816406,21130.158332683146,3.4145214005438898,0.33614564071399927,0.17836808254023956,0.5920243212084068
38500,77.0,0.3384449314203704,2.5788508650930826,-32293.7861328125,20835.377880667802,3.4173998451617673,0.33599451923333773,0.1785102450778268,0.5943715496414875
38550,77.1,0.3381575706303414,2.5800562397262823,-32802.48806762695,21005.392055894947,3.4202676333184954,0.3348281900279094,0.17694747640161745,0.5963386850300755
38600,77.2,0.33916781554846503,2.5816271384387317,-32840.257263183594,21019.94653545227,3.4236252811870913,0.3348803568911207,0.1776044915835479,0.5986635177806742
38650,77.3,0.3395459158476437,2.582919218806597,-32648.86361694336,20655.583629394416,3.4258566435176045,0.3344086160992969,0.17774895747166158,0.5992244309571474
38700,77.4,0.3392495445326648,2.583852713176941,-32955.45559692383,20845.92269146652,3.427322544308385,0.3332769578026755,0.1788687315773918,0.5970362816112449
38750,77.5,0.33979098125984697,2.5849951849495953,-32856.5299987793,20608.11408981704,3.4294074542414026,0.3342011924240096,0.1796136443276295,0.5933066506067771
38800,77.6,0.34074175586494304,2.586358562152341,-32829.66638183594,20485.94610436773,3.4323466181603006,0.3351231362097881,0.18057035884001127,0.5920511413646101
38850,77.7,0.3416451903970728,2.5878556236109707,-32851.37838745117,20815.989131251932,3.435128995483177,0.33568899443651085,0.18194895729513394,0.5919248745874491
38900,77.8,0.3425987295384857,2.5896182579744265,-32633.73468017578,20688.29199533956,3.436943787842584,0.3360145627769213,0.183452741175103,0.5929687755587617
38950,77.9,0.3430310698284458,2.591551420415137,-32706.267852783203,20520.386950996704,3.4396641898205265,0.3356232851430351,0.18453361421110628,0.5930533468246758
39000,78.0,0.3431440729778643,2.593413642540648,-32769.72555541992,20619.18568000011,3.4428442392929766,0.33464019487081686,0.1846596611806541,0.5926103763582897
39050,78.1,0.3438214922076169,2.594409097179252,-32762.29330444336,20545.25866044266,3.4451855851628537,0.3338086083904662,0.18499954046678452,0.5961258246543899
39100,78.2,0.3450138418059679,2.5946975420287317,-32758.61541748047,20501.25042613945,3.4483778621005983,0.3332726533603851,0.18531705450274497,0.6015268911385864
39150,78.3,0.3463362358307862,2.594766195306841,-32860.147064208984,20502.65820294805,3.450428206781021,0.3336116755580858,0.18571843489160147,0.6050462993448605
39200,78.4,0.3464585526966827,2.5947036589795327,-33079.012634277344,20865.543158896267,3.4525020989652466,0.33278669671730743,0.18521703966122252,0.6058162660872211
39250,78.5,0.3476430510035716,2.594685237940111,-32739.053741455078,20904.639246095205,3.4546529213057693,0.3338641510010551,0.18531183944239124,0.6073226630811324
39300,78.6,0.3490422607156465,2.5947892256321476,-32955.734283447266,21134.111447994976,3.45729502243343,0.3350517660226834,0.18537387703213695,0.6098839658138261
39350,78.7,0.3496648708189296,2.5946779413963146,-33094.607177734375,21063.85513065243,3.4583954889562625,0.3357986127339549,0.18415782343687617,0.6122792195440603
39400,78.8,0.3493410325700299,2.5940874119970116,-32969.360778808594,20781.6376735433,3.458198057202218,0.33598497183954135,0.18198865473470777,0.6136222097105569
39450,78.9,0.3493742934520368,2.593686378744175,-32924.33679199219,20649.380131595768,3.4591219259758565,0.33548813411057543,0.1810280082378726,0.617849369167956
39500,79.0,0.34930004967226463,2.5935158721137905,-32907.56329345703,20767.03722863132,3.4593555793049253,0.3351199470777306,0.18007649632338169,0.6217567520398515
39550,79.1,0.3488293990777935,2.5927476067676065,-32896.09262084961,20606.007015305106,3.4586294326138627,0.33452443795895626,0.1790172279029861,0.6249032169104657
39600,79.2,0.3489707234938287,2.592258688382727,-33076.89318847656,20941.055788636208,3.457666728040656,0.33550378898085553,0.17818142810639695,0.6268881328499503
39650,79.3,0.34861957481779177,2.591522446663631,-33251.46740722656,20916.710547531024,3.456954066861074,0.33535908682550386,0.17666535352554086,0.6300301376207311
39700,79.4,0.348319796534757,2.5907849165630275,-33211.901916503906,21108.496194591513,3.455314146106129,0.3355156603752488,0.17490126422457464,0.6319798485950919
39750,79.5,0.3480207659048303,2.5901372547198753,-32875.23321533203,20804.314877635334,3.4539591742072586,0.3356018820531774,0.17340230186390956,0.6351188438945561
39800,79.6,0.3476029879259556,2.589667661331894,-32896.85986328125,21045.555678175297,3.451710685085127,0.33550273934203256,0.17238272815926386,0.6373139496719755
39850,79.7,0.34786908156700386,2.5891205533063575,-32734.73358154297,20717.121387522668,3.4502089127257056,0.33629153401737705,0.17139075012875465,0.6389931841496165
39900,79.8,0.34886102413861614,2.5886837554974584,-32718.429901123047,20677.45147369732,3.4496377514961596,0.337257675496862,0.1709558931140702,0.6448017481831055
39950,79.9,0.34911623601084296,2.588614972492514,-33035.832275390625,20832.952058227733,3.4486398169332855,0.3372946304670641,0.170882019646719,0.6494296859268378
40000,80.0,0.3503174591801133,2.5889921000634337,-33142.93087768555,20921.67149349209,3.4485663316517505,0.33863933104395194,0.1709037239768067,0.6556579790275335
40050,80.1,0.3514023425206404,2.5891210697907865,-32828.012115478516,20892.998846175382,3.4483933875070756,0.3396974218395443,0.17067130929481625,0.6624427376030045
40100,80.2,0.3523163379505827,2.589073442653578,-32867.318115234375,20812.353624198586,3.447968251867505,0.3410948311821845,0.1705778975451831,0.6669793428410931
40150,80.3,0.35274158044996556,2.5889021265533723,-32828.60971069336,20988.268439733787,3.447822912557132,0.34140962541969283,0.16901644567986046,0.6729439538223976
40200,80.4,0.3534332213371748,2.5881509660144255,-32910.09646606445,20895.798658827785,3.44726495486888,0.3427525750243848,0.1669541293357804,0.6788043277721628
40250,80.5,0.3538772715615846,2.587845829866849,-32902.36917114258,20658.455391107127,3.4457982575090695,0.3440286601961193,0.16592676515982763,0.6822853802408525
40300,80.6,0.3551289567708774,2.587813358125784,-33180.784088134766,20876.112761029042,3.44531218823075,0.3459029219690473,0.16514019747189115,0.6865883714540557
40350,80.7,0.35623843352667944,2.587922186944566,-33128.83773803711,20528.867829142604,3.4454568507405945,0.3470884516215469,0.16406367288249943,0.6919271017451172
40400,80.8,0.35820777242419877,2.5881934872523233,-33164.89971923828,20435.014367894182,3.445985232945932,0.3493818572220299,0.16491270647589285,0.6975816416465596
40450,80.9,0.35930452178011785,2.5886447105373467,-33166.034606933594,20560.488003808015,3.445816192291931,0.35017750646358675,0.16610704419381653,0.7021269483923483
40500,81.0,0.3599130328026671,2.5891530457343004,-32865.713775634766,20481.802494652802,3.4457812795312046,0.35098077639409847,0.16600339047711435,0.7049084024991
40550,81.1,0.3601986340021449,2.5892397264185116,-32910.1091003418,20281.435767984018,3.444623167676869,0.35166380463025576,0.16485897984282247,0.708128503683106
40600,81.2,0.36032698164986077,2.5892197609086782,-33127.411193847656,20440.342203398235,3.44418991837595,0.3514403192168389,0.16434495584206196,0.7123372246416864
40650,81.3,0.3603924675712718,2.588903218193519,-32880.17868041992,20498.54083418823,3.442961720073792,0.35123607052686595,0.16536001735059133,0.7135707784615458
40700,81.4,0.35992715965538447,2.5883609756973933,-32889.43185424805,20419.023305286653,3.4428431037251515,0.34924057296742933,0.16667307240830942,0.7150760856894623
40750,81.5,0.3597464708910578,2.587216104286372,-32832.0930480957,20425.89428631682,3.4423083770624454,0.3481824797015362,0.16815073480119908,0.7162537836159093
40800,81.6,0.35914758728944374,2.5858559812725876,-33195.14926147461,20755.23194719432,3.4403658421404613,0.3465267735513685,0.16977669769482592,0.7167688579799284
40850,81.7,0.3589405887158899,2.584673651284316,-32768.969299316406,20557.438119670842,3.4394509052575093,0.3453557865217792,0.1704761109880112,0.7172269327728502
40900,81.8,0.35791387989115653,2.583396903786227,-33094.157165527344,20762.628449632553,3.4375056725078776,0.34382635544254886,0.17046181740710203,0.716112346271285
40950,81.9,0.3569817997929487,2.582445068695062,-32864.103424072266,20850.539611925604,3.4358381217898604,0.3424212159333299,0.1700402851454818,0.7156536777284905
41000,82.0,0.35594810075465816,2.581905024999474,-32860.54559326172,20894.762678769417,3.433817553239965,0.34098163930567277,0.17003299341447917,0.7148135671431131
41050,82.1,0.3556530769622473,2.5820069435218413,-33010.85256958008,20742.49519515899,3.433174163135359,0.3398705110356521,0.17059633884767542,0.7160340284342744
41100,82.2,0.3556275389971674,2.5817622780467304,-33223.58215332031,20904.501891900785,3.4340647680807534,0.33871798664366026,0.17086933490323086,0.7193516180337188
41150,82.3,0.3556399717222042,2.581640875702184,-32853.30358886719,20725.451461603283,3.4353975264741363,0.3377957407594284,0.1712461968184088,0.7204179419352856
41200,82.4,0.355255763649954,2.5817197795555424,-32857.83673095703,20611.733106102794,3.43599119782074,0.33626760203270845,0.171873269029923,0.7206899320551208
41250,82.5,0.35608397796532687,2.5820374940153483,-33032.33044433594,20906.943289328832,3.436787538896762,0.336179934539951,0.17378760184315062,0.7217454445085961
41300,82.6,0.3563159477565302,2.5826275235795007,-32975.82861328125,20866.06142635597,3.4361368578502947,0.33610515251526313,0.17542721072575357,0.72122042232638
41350,82.7,0.35665645889092007,2.5827658942620504,-32941.31967163086,21148.89188606385,3.436403968336946,0.3359628596163373,0.17557551607331923,0.7223340281326972
41400,82.8,0.3570261985100628,2.582916522999624,-32652.43096923828,21211.015070424415,3.4377130846960755,0.33531844228274726,0.17583538246787864,0.7251191567657371
41450,82.9,0.3571082685381251,2.582679333535499,-32330.385803222656,21046.37112696172,3.4380529830438378,0.3349925002485201,0.17562727703071526,0.7273039534352759
41500,83.0,0.35685162066999715,2.5820099117779844,-32004.64077758789,20480.802452633157,3.437576836400583,0.3335176254667689,0.17574750527932054,0.7286131011846805
41550,83.1,0.35581328601039397,2.580982851981234,-32199.252563476562,20436.458809912205,3.4364913977312836,0.33163961048193974,0.17461850364223203,0.729427567915342
41600,83.2,0.35604734678066885,2.580023293286097,-32783.093200683594,21004.706972605083,3.435779919931022,0.33111694234410544,0.17539512047374536,0.7319180524230816
41650,83.3,0.35642863360703764,2.578757047375463,-32631.487915039062,20878.89403039543,3.434500990668577,0.3309696931123263,0.17615344121758494,0.7368696483847427
41700,83.4,0.35683365090387525,2.5777058947531093,-32803.403381347656,20928.156192223076,3.4326647883400065,0.3312186610742382,0.17688800733855148,0.7397001288786872
41750,83.5,0.3568830824090335,2.5769353281958947,-32964.38540649414,20940.62284211442,3.431666485644518,0.33145356369354656,0.17639177803388797,0.7420549646469006
41800,83.6,0.35731780245454914,2.5761703536540193,-32510.46307373047,20699.06465985207,3.4305577920444867,0.3322210185273393,0.17563136467201584,0.7458566267458369
41850,83.7,0.3574519587818707,2.5755060233367733,-33286.0793762207,21095.653914957773,3.429303502886403,0.3323900134036774,0.1754792164571507,0.7486601664006439
41900,83.8,0.35727231029244305,2.574322325804529,-32733.514892578125,20689.480286857113,3.4259265334386497,0.3332355881958586,0.17434272483697152,0.7522587832844377
41950,83.9,0.3577325440799909,2.573384666185922,-32890.779693603516,20646.212403715588,3.424190285585915,0.33408160156383526,0.17420937197217118,0.7567775164570725
42000,84.0,0.3579758830762412,2.5727829680404763,-33162.7741394043,20793.657012153417,3.4224017645763416,0.3348371491019078,0.17381357232758166,0.7598239956942667
42050,84.1,0.3579828153828372,2.5719860307167717,-32928.65609741211,20387.896262669936,3.420421196448024,0.3357540921384596,0.17294702308030785,0.76214392397898
42100,84.2,0.3575512739453548,2.5713093109601215,-33200.6667175293,20523.380586410873,3.4182212279206063,0.33665629387134843,0.17137497524343662,0.7603805507674762
42150,84.3,0.3569122213282432,2.5711729704702764,-32920.28744506836,20402.09922080324,3.4169339968354198,0.33722976950010114,0.1698636412340959,0.7586284776708273
42200,84.4,0.3566815755932988,2.5709097737075317,-32886.92251586914,20714.810710110236,3.416123897117857,0.33727132873208115,0.16995918106448657,0.7589646341725399
42250,84.5,0.3564036662177147,2.5709339645035887,-33020.708099365234,20659.74835277116,3.4165328761332106,0.3373767435649423,0.1693052966898692,0.7584801769277012
42300,84.6,0.3565071904482281,2.5709661747909864,-33151.159088134766,20863.548876836663,3.4176277772044066,0.337281224089078,0.16891260132768224,0.7598690246714647
42350,84.7,0.35662113429807774,2.57150922824328,-33247.45071411133,20830.53361781314,3.4177002602813684,0.3379981146018726,0.16888808727341373,0.75880688845263
42400,84.8,0.35649836612454655,2.572295255890734,-32835.31707763672,20559.568559359468,3.418075047116897,0.33832331211672123,0.16829112108073394,0.7570630006634881
42450,84.9,0.3564043642146167,2.5726417778371555,-32843.86358642578,20836.528521537548,3.4192491726060132,0.3381142405371796,0.1677882802047917,0.7563919954143946
42500,85.0,0.3565683691689954,2.57259002881819,-32379.776641845703,20763.31827539485,3.4193960481964343,0.3384640962103199,0.16706442206682603,0.7590148872614292
42550,85.1,0.35610764511365905,2.572293247706736,-32712.98257446289,20944.85762569215,3.4199199456328544,0.33830357435891123,0.16578825702069688,0.7606752604028935
42600,85.2,0.3560225799656177,2.5723046899239757,-32645.463439941406,21000.624896965455,3.420261710434622,0.33780719389016267,0.1658810073737214,0.7625092057298275
42650,85.3,0.35490259374317246,2.5723529315299194,-32631.206817626953,20938.966720883735,3.4208174298676197,0.3362696716191807,0.16590265621575856,0.758668040743161
42700,85.4,0.35451368535417693,2.5725657333618273,-32806.51867675781,20948.0557906623,3.4219497731171185,0.3350315390570887,0.1675946289597586,0.7573842325787229
42750,85.5,0.35374869752733756,2.5733018730320354,-33008.9079284668,21070.47260477161,3.422983662081092,0.3335688018847767,0.16719203238050917,0.7575843907509867
42800,85.6,0.3532098771499355,2.573938721981998,-32964.79895019531,21042.634430618025,3.4244837355595505,0.33150320499668373,0.16837930537769158,0.7575936787937623
42850,85.7,0.35245307634446016,2.574297603956748,-33086.78854370117,21051.051783891395,3.4254874700778575,0.3299824010384789,0.16904871123684556,0.7553964806102926
42900,85.8,0.35181832351017356,2.5746098107047013,-32877.32751464844,20844.797413956374,3.425074593366747,0.3300124502413872,0.16846507390198298,0.7530326233936058
42950,85.9,0.35110254755324954,2.5748888504729037,-32796.7419128418,20786.475275302306,3.4250690968198825,0.32956227143105576,0.16893688922507724,0.7510771947166868
43000,86.0,0.35086883331943247,2.574837325281793,-32792.03887939453,20695.32619304722,3.4252970024347817,0.3292941796245745,0.16964068088051204,0.7494514144765048
43050,86.1,0.35080793880595046,2.5747639944037846,-32764.36196899414,20882.552950486075,3.425542522421372,0.33023282308082436,0.16944284451828626,0.7472421552362434
43100,86.2,0.3507002743083329,2.575498560773732,-32995.00067138672,21058.15715348441,3.427535362251027,0.33015839104630734,0.16875905851334583,0.7457552925114211
43150,86.3,0.35081790400815804,2.5763654743770625,-32648.807373046875,20722.11562155513,3.4286292597379013,0.33059092618568725,0.16845852502240835,0.7447832102816291
43200,86.4,0.35124067709017653,2.5768919727934234,-32783.627502441406,20861.879276269116,3.4303498214870762,0.3319988739116125,0.1676131806481659,0.743439726102106
43250,86.5,0.3519307275671861,2.5773578132424193,-32690.831634521484,20794.385853561107,3.4316799806549216,0.3337183002936731,0.16708171230259813,0.7435347375340692
43300,86.6,0.3532509494790898,2.5779666415642883,-32991.66955566406,21094.82292394736,3.433056568790102,0.33553636055767166,0.16854368552800625,0.7449523379242979
43350,86.7,0.35384053287211936,2.5792097815191006,-33243.3811340332,21042.142715421505,3.43511410263369,0.3360126954753677,0.16955050909657243,0.7475272204329415
43400,86.8,0.3538048205054099,2.5801142318104158,-32630.798614501953,20695.300628636964,3.4356273294344186,0.3362433174486533,0.16947754165249979,0.7481472975399155
43450,86.9,0.3542147687273553,2.5803696060850085,-33186.26806640625,20995.220926754642,3.4356903530797474,0.3372715489520814,0.169926925733126,0.7487964451328981
43500,87.0,0.3548326412924668,2.5803877556448294,-32849.413970947266,21068.48087137495,3.434957028236705,0.33804348992597477,0.17042370387853398,0.7498790992424224
43550,87.1,0.35525198659551666,2.580355646640194,-32926.79333496094,21200.79313102539,3.434229124374741,0.33932026992963554,0.17020370277713584,0.7481148767474153
43600,87.2,0.35486982846863013,2.579808214831354,-32953.520904541016,21163.03017017874,3.432397135011949,0.340024424294048,0.16949342074709667,0.7467946938043378
43650,87.3,0.3542627366078195,2.5793488788956256,-32766.202117919922,21101.458687137812,3.4306590911364965,0.34042791551756907,0.16880707836852563,0.7450995986242208
43700,87.4,0.35423038303718646,2.578514416345333,-32717.700317382812,20964.688299158588,3.428614947515231,0.3421809937475155,0.16871009065991782,0.7425442971931311
43750,87.5,0.3539511663414138,2.577858999641595,-32721.334503173828,21006.684316961095,3.4271059568404847,0.34323286605966824,0.16916664520615363,0.7371655995474053
43800,87.6,0.353647043263071,2.5774222891009932,-32819.20217895508,21142.726486915257,3.427010233824826,0.34445236692698583,0.16833018469379632,0.7315720349458474
43850,87.7,0.35364693615290355,2.577242270243544,-32538.79327392578,20783.187899447512,3.4272984049460855,0.3454260371804446,0.16749891664144528,0.7271578887095101
43900,87.8,0.35397301916549273,2.5770438954298447,-32744.11605834961,21253.05645319214,3.4270828807775287,0.3459336333852379,0.16818217708153868,0.7232245945767264
43950,87.9,0.35461709647187006,2.5767364033636975,-32636.032440185547,21141.345634266734,3.426246698546495,0.3470797273378551,0.16849744000332345,0.7208427271592421
44000,88.0,0.35468022576460967,2.5758222149395205,-32672.149932861328,21255.095256983303,3.4242851519698556,0.3476776939936052,0.16825148689476147,0.7175102471616567
44050,88.1,0.3547671647524017,2.574653970561752,-32616.010955810547,20793.826679742895,3.422203246451623,0.34950161003066726,0.1675753029987366,0.7095157084927042
44100,88.2,0.35624103653020706,2.5737074055755986,-32750.375,21051.60285139596,3.4204313895965677,0.3527616082339782,0.16812111957803916,0.7055753639851958
44150,88.3,0.35712577539095935,2.5727866105499744,-32475.100067138672,20906.27239078842,3.419680748327645,0.35400285631528566,0.16802028221941992,0.7047993932754171
44200,88.4,0.35821139854190553,2.5717950558241567,-32779.51940917969,21031.226949191652,3.4192190832895206,0.3554554324763771,0.168917756810156,0.7011858140919586
44250,88.5,0.35899217371096215,2.57011714527233,-33042.157806396484,21111.667250215076,3.4173884871978957,0.3570740334907593,0.16879192953342226,0.6971025115332297
44300,88.6,0.3598398675311217,2.5691459696337984,-32704.96762084961,21006.698876051,3.4156493379441626,0.35814381435813425,0.16928095205882426,0.6947559097630676
44350,88.7,0.36129144178908784,2.5685627441321492,-32457.927703857422,20805.97889448621,3.4144012443052394,0.3598777081432641,0.17015716230857722,0.6933193724248788
44400,88.8,0.36232846737298535,2.5682263113346937,-32485.46612548828,20855.632068006787,3.4133437178899206,0.3612769936323858,0.17012587737464813,0.6927366218797131
44450,88.9,0.3634964996748754,2.568127157334333,-32442.43096923828,20668.70706054475,3.411903314592778,0.3629683598616957,0.1699380386835234,0.6929546918688552
44500,89.0,0.3640704946213063,2.5676663201103476,-32598.25765991211,20789.68901863508,3.411047524323102,0.36294812387084446,0.17028074727233444,0.6937323708245811
44550,89.1,0.3641411956208509,2.567049884224622,-32671.954376220703,20616.167133772746,3.410114597083447,0.3619833398635959,0.17072963346551268,0.694979880269962
44600,89.2,0.36334797971404775,2.5665699713680525,-32625.048461914062,20610.363792870427,3.4073791147014774,0.3608931118209012,0.1700876538889422,0.6918258967543655
44650,89.3,0.36307644922066623,2.5662278726674184,-32881.186767578125,20767.927102736197,3.405606433848897,0.3603418082988373,0.16938802498596073,0.6898129299667424
44700,89.4,0.363613496782626,2.5661579300105184,-32512.954193115234,20510.609514373355,3.4036539525280234,0.36072755566075115,0.1692397016560163,0.6882938194671133
44750,89.5,0.3639000434003795,2.565425481863491,-32895.06137084961,20848.291816505138,3.4013396382640373,0.36142286846623295,0.1683009747402938,0.6859830216546119
44800,89.6,0.36418851707708105,2.5641336938219794,-32597.904510498047,20751.115120086353,3.39971132651614,0.3618899663516726,0.16795264552337924,0.682339883329083
44850,89.7,0.36396979028165954,2.562404811795773,-32413.97866821289,20584.758824620163,3.3983126491445472,0.3613805186776256,0.1680186143164891,0.6796510996255068
44900,89.8,0.36404653950234994,2.5608715886201545,-32694.613677978516,20800.594080440234,3.3970181648481668,0.36109401849832445,0.16837553937383187,0.6778766797517403
44950,89.9,0.3638779710126091,2.5595580772098736,-33243.50588989258,21128.657871653326,3.3953423054266474,0.3604972089933552,0.1683782876462356,0.67802356722121
45000,90.0,0.3642138757089486,2.5588117820004634,-33273.247802734375,20962.291112952866,3.3942188562578397,0.3604397827544552,0.16766919617378565,0.6806085604381102
45050,90.1,0.3648133719378331,2.558334838482568,-33072.56741333008,20925.9840552737,3.3931774146188562,0.3599945705451663,0.1682881071336223,0.684728012324288
45100,90.2,0.36538676228137523,2.5580605649847494,-32919.782287597656,20906.607298635412,3.393598447515984,0.36069403430436253,0.16687004391906324,0.6875188605389764
45150,90.3,0.36616041059676196,2.558192696217874,-32783.15563964844,20732.370166340843,3.3951263802591485,0.3611247253790032,0.1658739242236708,0.6902564045117485
45200,90.4,0.3665079704014405,2.5583842647751616,-32771.351806640625,20718.811814407818,3.395847844871648,0.36094744226747,0.16502903570184374,0.6912706960424051
45250,90.5,0.3668109508704303,2.558721619054353,-32812.1125793457,20970.2721254332,3.396497225859957,0.36135909684841516,0.16379971203795257,0.689022279271257
45300,90.6,0.3681881936660921,2.5593337605822364,-32863.673828125,20700.25881733402,3.398250098974047,0.3631280034860713,0.16273004990168669,0.6866696120129197
45350,90.7,0.3698847768494545,2.560427926903999,-32963.97830200195,20864.02217823034,3.4006353217702774,0.3658143168721225,0.1620507271574497,0.6839920726246015
45400,90.8,0.37128571242179,2.562148949139652,-32811.690673828125,20888.434812198975,3.402140544311785,0.3674882096605782,0.161567123294225,0.6816027590193029
45450,90.9,0.37153925619029776,2.5632177229258777,-32991.30944824219,21072.868622506037,3.4028055416193186,0.3679032775996148,0.1606032341294537,0.6790839121160643
45500,91.0,0.3727495898791689,2.5636053795536036,-32822.577728271484,20887.587588069495,3.404588468802971,0.36921950222344496,0.1594491245005167,0.6797405459783357
45550,91.1,0.3734833434909287,2.5635018574743555,-33076.394439697266,20962.64511515596,3.4051692189169076,0.36944383435352374,0.15917527032877682,0.6815199470677521
45600,91.2,0.37441793429554504,2.563440793471167,-32891.40771484375,20619.07170673646,3.408156681561848,0.3699751425536245,0.15782596107688682,0.6839756496142421
45650,91.3,0.3751665118993622,2.563225021211876,-33035.7063293457,20801.334974477533,3.410279722219179,0.37034469468725517,0.15703429941025254,0.6837375609578814
45700,91.4,0.37611539144687745,2.5627412685533852,-32995.90478515625,20897.16938207578,3.4117955556997854,0.3718410549609467,0.156873413634788,0.6815032541246069
45750,91.5,0.3778664001590247,2.5625255107460196,-33011.33657836914,21076.113224516623,3.4133705062654016,0.37414686005389247,0.15709644245855495,0.6798318353509557
45800,91.6,0.379150988342942,2.5622247734574493,-32824.235443115234,20938.813249700703,3.4141085265644255,0.3758387036946948,0.15739791848403747,0.6800785504483234
45850,91.7,0.38129467998909433,2.562488934676038,-32890.0446472168,20765.29370722873,3.416331129277247,0.3784789735808081,0.1579775781492633,0.6818355310691043
45900,91.8,0.3838251679265789,2.5632552855587054,-32869.94174194336,20886.870760422666,3.4188563437447588,0.38153579163063783,0.15848393624288667,0.6832653219771401
45950,91.9,0.3858610444875393,2.564129538389351,-32979.81790161133,21009.185734448838,3.4214051949185618,0.3836529914539694,0.15871268334591643,0.683933617353248
46000,92.0,0.3881394584595354,2.56491800170255,-32831.47262573242,20944.699152900837,3.424625990653181,0.38570326215473133,0.1589010009085475,0.6868207035373971
46050,92.1,0.38995306121200923,2.5657049999834465,-32908.81814575195,21117.90512332972,3.426257308735244,0.38689210428476756,0.16068251765393424,0.6888630655828801
46100,92.2,0.3918352752742553,2.566422386993579,-32888.53665161133,21049.528110749554,3.4263882934601986,0.388904439799623,0.16202941698785497,0.6892155839028198
46150,92.3,0.3937080888599638,2.5665732014695894,-33051.15930175781,21144.433066189755,3.4254177434571536,0.3913391786439102,0.16281903702240436,0.6906680987100418
46200,92.4,0.3945982504749179,2.566128483552032,-32801.563385009766,20907.24055060465,3.4245695550077775,0.39235223346929493,0.16343680950348846,0.6914117711472122
46250,92.5,0.39493123208723446,2.5658572934163306,-32953.25833129883,20913.86345717497,3.4226018344298392,0.39229444354290194,0.16426762064751008,0.691833604804068
46300,92.6,0.39536378347166307,2.565879552457513,-32877.11019897461,20758.149025372928,3.4220220249683906,0.3929872327564383,0.16457889634992004,0.6934045259583824
46350,92.7,0.39484193443510274,2.565996835883487,-33057.10009765625,21061.071730288677,3.4220164803018474,0.3923398529848002,0.16351794693150018,0.6930959989590977
46400,92.8,0.394790544133963,2.5662865988378756,-32803.22024536133,20949.704758935375,3.4224511689759463,0.3922157231230237,0.1623743984641587,0.6948725149356304
46450,92.9,0.39459923433959715,2.566674332905034,-32793.05792236328,21202.81412193738,3.422949447286404,0.39141889678541436,0.1628809662366252,0.6961257476942728
46500,93.0,0.39466563560787093,2.566649057605895,-32995.16830444336,21152.687354665948,3.4233674500395375,0.39079469148003554,0.1631574249248927,0.6975080504117143
46550,93.1,0.3941951791242179,2.56624353882198,-33030.08026123047,20874.029702275526,3.4237645282215783,0.3899274832456227,0.1629563991700831,0.6974396128393237
46600,93.2,0.39428122222630535,2.565837859271645,-32975.746337890625,21103.27556637302,3.4226210573223437,0.3906170263299688,0.16245526371013083,0.6986379131181377
46650,93.3,0.3932388735431559,2.565386415669497,-32844.783447265625,20860.14358435478,3.4204245686019097,0.38974065771053773,0.16205212798960408,0.6993781366358909
46700,93.4,0.39277382872481836,2.5650833565600903,-32687.525115966797,20906.700987154618,3.417831662190059,0.38938588172177435,0.16274405951174337,0.7012600716724618
46750,93.5,0.3931100466387056,2.5648090820732614,-32712.39193725586,20716.005145217525,3.414869639727134,0.389478461311736,0.1647188997080048,0.7048677263347108
46800,93.6,0.3917503782092438,2.5640159147958625,-32900.72708129883,20950.474117457168,3.411941570651393,0.38744634295936914,0.16492825486865764,0.7059467049203171
46850,93.7,0.39066835472884426,2.562984839486438,-33182.68469238281,21302.453115170763,3.4090493788263325,0.3859190564776428,0.1653246100117374,0.7043873747021224
46900,93.8,0.3893221637703702,2.5624142140945083,-33281.75540161133,21294.65235000709,3.4069022084340235,0.38439175465190695,0.16597836358946053,0.702523198273388
46950,93.9,0.388756642936337,2.561662252594078,-33022.753662109375,21057.53141126479,3.4042155307652684,0.38375115965982315,0.1670897992974989,0.7017930572201623
47000,94.0,0.3877811610888082,2.5609061987467596,-32617.498413085938,20799.980993270874,3.4013514236962807,0.38291129556270154,0.16772015490582112,0.6987640197383425
47050,94.1,0.386806644981156,2.5603338361739163,-32581.33740234375,20671.57403960044,3.3983606107535027,0.381775347801407,0.16892092953671595,0.6969917224812147
47100,94.2,0.3858221680277082,2.5601156476938045,-32715.61749267578,20930.747316201217,3.3974397742302167,0.38006691059560577,0.16915628349932346,0.6958503989962262
47150,94.3,0.38508723084635155,2.5598837721332965,-32857.46008300781,21026.319542249665,3.397296888082633,0.3782177046364905,0.17027994674607416,0.6934382870765956
47200,94.4,0.3843152746121916,2.559489487247812,-32817.96389770508,20833.47770739824,3.396693010543575,0.3769004588926479,0.17043659185521012,0.6900097477481523
47250,94.5,0.38401941833965875,2.5589764424555854,-33279.49172973633,21029.771523938514,3.394476344087463,0.376366723761892,0.17143640907531635,0.6846186268570038
47300,94.6,0.38360531321375996,2.5583221072609885,-32872.328063964844,20836.166402254952,3.3918640882663404,0.376086509232203,0.17210966009396908,0.6800884259400668
47350,94.7,0.38347463722497765,2.5576811964884425,-32653.312133789062,20608.854937664233,3.389465337104908,0.37630751893225584,0.17325659547470235,0.6764235248505404
47400,94.8,0.3831131223040035,2.557161084843082,-33183.18151855469,20995.742647415027,3.387045423837219,0.3766087317004306,0.17449182512392097,0.6684973259455388
47450,94.9,0.3829285628955436,2.556782968873647,-33527.113342285156,21241.159892105497,3.384418564919849,0.3766459656573781,0.17499088315422925,0.6644779332725546
47500,95.0,0.3824254709430335,2.5556957958897253,-32804.48941040039,20409.868859134614,3.3809205164985867,0.3764655007080535,0.17509926288072974,0.6602118486387916
47550,95.1,0.3816993312087612,2.554227293902273,-33344.96597290039,20998.24599388754,3.378203467579301,0.376570455641047,0.17505196476164567,0.6563036080633218
47600,95.2,0.3818854144728468,2.5522648385238087,-33150.02600097656,20819.236383746844,3.3751017135413743,0.37783088062423265,0.17655803667176634,0.6529556786182704
47650,95.3,0.3823210596003825,2.550452773280964,-33022.882720947266,20699.761408435297,3.373638640106297,0.37844432637182873,0.17853770143758335,0.6518619163118866
47700,95.4,0.3822302386789673,2.5487629939441963,-32937.96063232422,20649.320581905544,3.371862749266676,0.378608140291164,0.17945625038739044,0.6511285708351531
47750,95.5,0.3820961826581935,2.5472763635360787,-32852.62646484375,20906.26393905771,3.368557497514476,0.37935811424008814,0.17984913455635446,0.6483036049550968
47800,95.6,0.38184610795379936,2.5460476207898726,-33108.92712402344,20754.032455838053,3.366123001398079,0.37925659501920383,0.18102366007700088,0.6476045086325147
47850,95.7,0.3822441846591225,2.5447883015244717,-33253.560943603516,20932.55250848923,3.3633134840843293,0.3795735297979666,0.18163068375206826,0.6493943799634312
47900,95.8,0.3816971172551304,2.5431162938083705,-33071.029357910156,20728.501920488663,3.3593977168999887,0.3791586761372876,0.18297550372807828,0.6488447191295312
47950,95.9,0.3810180095215655,2.541808326929107,-32740.38412475586,20474.219400285976,3.3549110743034642,0.3790384938992347,0.18341302324559175,0.6472286194764929
48000,96.0,0.3798689249406892,2.5406932741150072,-32924.49136352539,20872.171819669195,3.351329663515766,0.3786423480601195,0.18242724122215487,0.6458673772820536
48050,96.1,0.37843691221391323,2.540134855515845,-33111.87338256836,20877.3127183998,3.3495634774731458,0.3778421078979253,0.18198543338048775,0.6440931360498587
48100,96.2,0.37746840093735456,2.5400811294118255,-32987.876037597656,20754.36123328819,3.3480966148604603,0.37785972064384066,0.18223367951762248,0.643033031864346
48150,96.3,0.37637719565688826,2.539964587246781,-32853.15350341797,20703.440914486535,3.3467191541702896,0.37712240295605054,0.18317014339676693,0.6413320858080065
48200,96.4,0.37501998026314404,2.5398499780137094,-33255.11364746094,20780.81827964983,3.345942983520204,0.37623051605599284,0.1832235532363016,0.6393032697104007
48250,96.5,0.37443329926848207,2.5394053002353463,-33191.66198730469,20716.01813656243,3.345620439869438,0.37708104447118673,0.18316657748831458,0.6341593369529076
48300,96.6,0.3735098489664983,2.539421440797106,-33505.47296142578,20746.729091496207,3.3453567160791473,0.3771378348754985,0.18250154821717768,0.6313383414439169
48350,96.7,0.37291366592684505,2.539606308020133,-33591.41061401367,20706.293942599557,3.346099381695478,0.3773740498046805,0.1828364212089671,0.6300104993451532
48400,96.8,0.3728994144709241,2.540341024726418,-33105.60238647461,20379.169577895664,3.3479482944877335,0.3793899526957263,0.1822918800751243,0.6271584813507868
48450,96.9,0.3726495545318901,2.540166427498441,-33489.560119628906,20648.453579733614,3.3488284415229237,0.38050821219219655,0.18155476670422635,0.6244957038214181
48500,97.0,0.37247313818299044,2.5403138156505514,-33441.53518676758,20609.29568072548,3.348252186971382,0.38172481053250423,0.18137753134310652,0.6221686833871807
48550,97.1,0.3720714320566396,2.540242255228227,-33100.560943603516,20156.482948002405,3.347174216971714,0.3831068862110833,0.17967801358016858,0.6186278868870526
48600,97.2,0.3714535115789324,2.5398022029464955,-33281.48425292969,20459.880735737446,3.345641566469413,0.383809976469832,0.179737986583281,0.6136271686075607
48650,97.3,0.3709223030175247,2.5390044485413976,-33463.20620727539,20326.3903896751,3.3452701888883114,0.3853654898515766,0.178519747556942,0.6083025005376551
48700,97.4,0.3707323779657272,2.5380522411761364,-33329.638244628906,20271.330391240306,3.3443411367124973,0.38721812171378817,0.1772851413213079,0.6058230595623599
48750,97.5,0.37012829236845035,2.5371904252838458,-32981.333984375,19917.48019970162,3.3441260898549943,0.3870906178825268,0.17721540615246786,0.6042484494895558
48800,97.6,0.36930075272505575,2.5364003412984806,-33243.35662841797,20583.910822414793,3.3438753430308887,0.3868003749562362,0.1761652968167288,0.6032286594374087
48850,97.7,0.3684239119941843,2.5357185934747504,-33137.27896118164,20360.034430043772,3.344679850424864,0.3865447327885642,0.17476328056068766,0.6005140530416757
48900,97.8,0.3671584441530785,2.53501069750044,-33470.53463745117,20873.802020776784,3.3457527459613057,0.38604816481966503,0.17300547467789648,0.5971673768420451
48950,97.9,0.36628862238757054,2.534487756777127,-33273.63571166992,20654.653745121323,3.346194879104563,0.38557768195546416,0.17097671221337274,0.5955045708722612
49000,98.0,0.3655982842600886,2.534662153725881,-33501.0598449707,20718.980643993244,3.346853583731067,0.38611020760075015,0.16721548819611762,0.5925583362717118
49050,98.1,0.3653583263448259,2.534802666281086,-33119.35119628906,20551.438263153308,3.346463448985467,0.3866605438774125,0.16631030129678231,0.58908858914778
49100,98.2,0.3658904459488699,2.53502573818233,-33116.654541015625,20586.426280698157,3.348007498661838,0.38790947257501546,0.16572696636467965,0.5897171518452632
49150,98.3,0.3668305732002388,2.5356957500393222,-33382.87551879883,20887.52244210895,3.350000850057789,0.3894764991973662,0.16543389712203105,0.5910760285829518
49200,98.4,0.3673624949770101,2.536176625434084,-33005.001892089844,20448.726500666235,3.3508465324941485,0.39019228041360887,0.16595276090017821,0.5916201211514515
49250,98.5,0.36742962415051045,2.5368615010413396,-33203.75750732422,20721.381279645022,3.3521140558357323,0.39050438609408394,0.1661922326205845,0.5903682012322256
49300,98.6,0.3668492217264192,2.537490307197274,-33011.85284423828,20680.74973828392,3.355887233758267,0.3885114188032137,0.16592264991414976,0.592635880198406
49350,98.7,0.3670049233867353,2.5383700070385795,-33084.0534362793,20713.631401689956,3.3590954659947276,0.38762781866201523,0.16518144385746716,0.5957444950053193
49400,98.8,0.36722864221741375,2.5399314334910437,-33230.670318603516,20844.314535140526,3.363630813308825,0.3869096327861949,0.16448556252746255,0.6010087483087037
49450,98.9,0.367859290039846,2.541277038608942,-33304.7487487793,21186.352046339307,3.3690095090751764,0.38623074432914933,0.16483876089592384,0.6077417840435223
49500,99.0,0.36860645008189946,2.542089396357317,-32926.11099243164,20907.31080159219,3.3723435177877796,0.3856342827766516,0.1651205361413438,0.613886776599207
49550,99.1,0.3683968363618394,2.5429349306927898,-32771.466857910156,20713.670993626118,3.3742730788665147,0.3841099232755126,0.16548869996328008,0.6149998802514098
49600,99.2,0.3682737763925716,2.5436342452480596,-33073.835388183594,20909.08285726374,3.3756847063567834,0.38312586486390254,0.16545666317689595,0.6156769965462064
49650,99.3,0.36848907892643723,2.5441380831043174,-32963.1901550293,20406.431418474298,3.377191674038949,0.3826012524710101,0.1651016498096256,0.617309383524441
49700,99.4,0.36820012272533065,2.544358761716664,-32872.86053466797,20555.952775288373,3.3786797759453715,0.38122859226020034,0.1643757825355828,0.620783460687189
49750,99.5,0.3683816324861148,2.544804844116465,-33208.9814453125,20847.62325765239,3.380226540865414,0.3806138597388449,0.16508766201956177,0.6229825077846645
49800,99.6,0.368705427961483,2.545713357797757,-32922.01614379883,20521.281117561273,3.3819829152479626,0.3796137041606035,0.16586141982383523,0.6279123972619433
49850,99.7,0.3693326487832861,2.5465269749228168,-33088.33609008789,20736.969578932505,3.3832515671793764,0.3798452347802872,0.1658427541451908,0.6310501212203107
49900,99.8,0.36986498230056203,2.547042448444408,-33134.652770996094,20603.088628381025,3.384148054863503,0.38005996441855383,0.16697986531978293,0.6296770266531654
49950,99.9,0.37102955421094397,2.547349762165845,-33075.78909301758,20749.144799399946,3.3838359315588096,0.38138833622980367,0.16885735328956988,0.6304798416008653
50000,100.0,0.3715237590236057,2.5480076721705176,-32714.666107177734,20531.96335032943,3.3846139987696526,0.3814538708167622,0.16909794701999678,0.632192935909525
